31-May-2026 10:44:40.498 INFO [main] org.apache.catalina.core.ApplicationContext.log ContextListener: contextInitialized()
31-May-2026 10:44:40.499 INFO [main] org.apache.catalina.core.ApplicationContext.log SessionListener: contextInitialized()
31-May-2026 10:44:40.501 INFO [main] org.apache.catalina.core.ApplicationContext.log ContextListener: attributeAdded('StockTicker', 'async.Stockticker@6e46d9f4')
31-May-2026 11:01:42.833 SEVERE [http-nio-8082-exec-1] org.apache.catalina.core.ApplicationDispatcher.invoke Servlet.service() for servlet [jsp] threw exception
	org.apache.jasper.JasperException: Unable to compile class for JSP: 

An error occurred at line: [520] in the jsp file: [/individualDashboard.jsp]
counter cannot be resolved to a variable
517:         %>
518:         </table>
519: 
520:         <% if (counter == 1) { %>
521:             <style>
522:                 .task-table { display: none; }
523:                 .empty-state-card {


Stacktrace:
		at org.apache.jasper.compiler.DefaultErrorHandler.javacError(DefaultErrorHandler.java:72)
		at org.apache.jasper.compiler.ErrorDispatcher.javacError(ErrorDispatcher.java:192)
		at org.apache.jasper.compiler.JDTCompiler.generateClass(JDTCompiler.java:542)
		at org.apache.jasper.compiler.Compiler.compile(Compiler.java:371)
		at org.apache.jasper.compiler.Compiler.compile(Compiler.java:343)
		at org.apache.jasper.compiler.Compiler.compile(Compiler.java:329)
		at org.apache.jasper.JspCompilationContext.compile(JspCompilationContext.java:603)
		at org.apache.jasper.servlet.JspServletWrapper.service(JspServletWrapper.java:399)
		at org.apache.jasper.servlet.JspServlet.serviceJspFile(JspServlet.java:376)
		at org.apache.jasper.servlet.JspServlet.service(JspServlet.java:324)
		at javax.servlet.http.HttpServlet.service(HttpServlet.java:623)
		at org.apache.catalina.core.ApplicationFilterChain.internalDoFilter(ApplicationFilterChain.java:199)
		at org.apache.catalina.core.ApplicationFilterChain.doFilter(ApplicationFilterChain.java:144)
		at org.apache.catalina.core.ApplicationDispatcher.invoke(ApplicationDispatcher.java:642)
		at org.apache.catalina.core.ApplicationDispatcher.doInclude(ApplicationDispatcher.java:518)
		at org.apache.catalina.core.ApplicationDispatcher.include(ApplicationDispatcher.java:461)
		at org.apache.jasper.runtime.JspRuntimeLibrary.include(JspRuntimeLibrary.java:994)
		at org.apache.jsp.index_jsp._jspService(index_jsp.java:764)
		at org.apache.jasper.runtime.HttpJspBase.service(HttpJspBase.java:67)
		at javax.servlet.http.HttpServlet.service(HttpServlet.java:623)
		at org.apache.jasper.servlet.JspServletWrapper.service(JspServletWrapper.java:466)
		at org.apache.jasper.servlet.JspServlet.serviceJspFile(JspServlet.java:376)
		at org.apache.jasper.servlet.JspServlet.service(JspServlet.java:324)
		at javax.servlet.http.HttpServlet.service(HttpServlet.java:623)
		at org.apache.catalina.core.ApplicationFilterChain.internalDoFilter(ApplicationFilterChain.java:199)
		at org.apache.catalina.core.ApplicationFilterChain.doFilter(ApplicationFilterChain.java:144)
		at org.apache.tomcat.websocket.server.WsFilter.doFilter(WsFilter.java:51)
		at org.apache.catalina.core.ApplicationFilterChain.internalDoFilter(ApplicationFilterChain.java:168)
		at org.apache.catalina.core.ApplicationFilterChain.doFilter(ApplicationFilterChain.java:144)
		at org.apache.catalina.core.StandardWrapperValve.invoke(StandardWrapperValve.java:168)
		at org.apache.catalina.core.StandardContextValve.invoke(StandardContextValve.java:90)
		at org.apache.catalina.authenticator.AuthenticatorBase.invoke(AuthenticatorBase.java:482)
		at org.apache.catalina.core.StandardHostValve.invoke(StandardHostValve.java:130)
		at org.apache.catalina.valves.ErrorReportValve.invoke(ErrorReportValve.java:93)
		at org.apache.catalina.valves.AbstractAccessLogValve.invoke(AbstractAccessLogValve.java:660)
		at org.apache.catalina.core.StandardEngineValve.invoke(StandardEngineValve.java:74)
		at org.apache.catalina.connector.CoyoteAdapter.service(CoyoteAdapter.java:346)
		at org.apache.coyote.http11.Http11Processor.service(Http11Processor.java:396)
		at org.apache.coyote.AbstractProcessorLight.process(AbstractProcessorLight.java:63)
		at org.apache.coyote.AbstractProtocol$ConnectionHandler.process(AbstractProtocol.java:937)
		at org.apache.tomcat.util.net.NioEndpoint$SocketProcessor.doRun(NioEndpoint.java:1791)
		at org.apache.tomcat.util.net.SocketProcessorBase.run(SocketProcessorBase.java:52)
		at org.apache.tomcat.util.threads.ThreadPoolExecutor.runWorker(ThreadPoolExecutor.java:1190)
		at org.apache.tomcat.util.threads.ThreadPoolExecutor$Worker.run(ThreadPoolExecutor.java:659)
		at org.apache.tomcat.util.threads.TaskThread$WrappingRunnable.run(TaskThread.java:63)
		at java.base/java.lang.Thread.run(Thread.java:1575)
31-May-2026 11:01:42.834 SEVERE [http-nio-8082-exec-1] org.apache.catalina.core.StandardWrapperValve.invoke Servlet.service() for servlet [jsp] in context with path [] threw exception [Unable to compile class for JSP: 

An error occurred at line: [520] in the jsp file: [/individualDashboard.jsp]
counter cannot be resolved to a variable
517:         %>
518:         </table>
519: 
520:         <% if (counter == 1) { %>
521:             <style>
522:                 .task-table { display: none; }
523:                 .empty-state-card {


Stacktrace:] with root cause
	org.apache.jasper.JasperException: Unable to compile class for JSP: 

An error occurred at line: [520] in the jsp file: [/individualDashboard.jsp]
counter cannot be resolved to a variable
517:         %>
518:         </table>
519: 
520:         <% if (counter == 1) { %>
521:             <style>
522:                 .task-table { display: none; }
523:                 .empty-state-card {


Stacktrace:
		at org.apache.jasper.compiler.DefaultErrorHandler.javacError(DefaultErrorHandler.java:72)
		at org.apache.jasper.compiler.ErrorDispatcher.javacError(ErrorDispatcher.java:192)
		at org.apache.jasper.compiler.JDTCompiler.generateClass(JDTCompiler.java:542)
		at org.apache.jasper.compiler.Compiler.compile(Compiler.java:371)
		at org.apache.jasper.compiler.Compiler.compile(Compiler.java:343)
		at org.apache.jasper.compiler.Compiler.compile(Compiler.java:329)
		at org.apache.jasper.JspCompilationContext.compile(JspCompilationContext.java:603)
		at org.apache.jasper.servlet.JspServletWrapper.service(JspServletWrapper.java:399)
		at org.apache.jasper.servlet.JspServlet.serviceJspFile(JspServlet.java:376)
		at org.apache.jasper.servlet.JspServlet.service(JspServlet.java:324)
		at javax.servlet.http.HttpServlet.service(HttpServlet.java:623)
		at org.apache.catalina.core.ApplicationFilterChain.internalDoFilter(ApplicationFilterChain.java:199)
		at org.apache.catalina.core.ApplicationFilterChain.doFilter(ApplicationFilterChain.java:144)
		at org.apache.catalina.core.ApplicationDispatcher.invoke(ApplicationDispatcher.java:642)
		at org.apache.catalina.core.ApplicationDispatcher.doInclude(ApplicationDispatcher.java:518)
		at org.apache.catalina.core.ApplicationDispatcher.include(ApplicationDispatcher.java:461)
		at org.apache.jasper.runtime.JspRuntimeLibrary.include(JspRuntimeLibrary.java:994)
		at org.apache.jsp.index_jsp._jspService(index_jsp.java:764)
		at org.apache.jasper.runtime.HttpJspBase.service(HttpJspBase.java:67)
		at javax.servlet.http.HttpServlet.service(HttpServlet.java:623)
		at org.apache.jasper.servlet.JspServletWrapper.service(JspServletWrapper.java:466)
		at org.apache.jasper.servlet.JspServlet.serviceJspFile(JspServlet.java:376)
		at org.apache.jasper.servlet.JspServlet.service(JspServlet.java:324)
		at javax.servlet.http.HttpServlet.service(HttpServlet.java:623)
		at org.apache.catalina.core.ApplicationFilterChain.internalDoFilter(ApplicationFilterChain.java:199)
		at org.apache.catalina.core.ApplicationFilterChain.doFilter(ApplicationFilterChain.java:144)
		at org.apache.tomcat.websocket.server.WsFilter.doFilter(WsFilter.java:51)
		at org.apache.catalina.core.ApplicationFilterChain.internalDoFilter(ApplicationFilterChain.java:168)
		at org.apache.catalina.core.ApplicationFilterChain.doFilter(ApplicationFilterChain.java:144)
		at org.apache.catalina.core.StandardWrapperValve.invoke(StandardWrapperValve.java:168)
		at org.apache.catalina.core.StandardContextValve.invoke(StandardContextValve.java:90)
		at org.apache.catalina.authenticator.AuthenticatorBase.invoke(AuthenticatorBase.java:482)
		at org.apache.catalina.core.StandardHostValve.invoke(StandardHostValve.java:130)
		at org.apache.catalina.valves.ErrorReportValve.invoke(ErrorReportValve.java:93)
		at org.apache.catalina.valves.AbstractAccessLogValve.invoke(AbstractAccessLogValve.java:660)
		at org.apache.catalina.core.StandardEngineValve.invoke(StandardEngineValve.java:74)
		at org.apache.catalina.connector.CoyoteAdapter.service(CoyoteAdapter.java:346)
		at org.apache.coyote.http11.Http11Processor.service(Http11Processor.java:396)
		at org.apache.coyote.AbstractProcessorLight.process(AbstractProcessorLight.java:63)
		at org.apache.coyote.AbstractProtocol$ConnectionHandler.process(AbstractProtocol.java:937)
		at org.apache.tomcat.util.net.NioEndpoint$SocketProcessor.doRun(NioEndpoint.java:1791)
		at org.apache.tomcat.util.net.SocketProcessorBase.run(SocketProcessorBase.java:52)
		at org.apache.tomcat.util.threads.ThreadPoolExecutor.runWorker(ThreadPoolExecutor.java:1190)
		at org.apache.tomcat.util.threads.ThreadPoolExecutor$Worker.run(ThreadPoolExecutor.java:659)
		at org.apache.tomcat.util.threads.TaskThread$WrappingRunnable.run(TaskThread.java:63)
		at java.base/java.lang.Thread.run(Thread.java:1575)
31-May-2026 11:01:46.228 SEVERE [http-nio-8082-exec-3] org.apache.catalina.core.ApplicationDispatcher.invoke Servlet.service() for servlet [jsp] threw exception
	java.lang.ClassNotFoundException: org.apache.jsp.individualDashboard_jsp
		at java.base/java.net.URLClassLoader.findClass(URLClassLoader.java:445)
		at org.apache.jasper.servlet.JasperLoader.loadClass(JasperLoader.java:129)
		at org.apache.jasper.servlet.JasperLoader.loadClass(JasperLoader.java:58)
		at org.apache.catalina.core.DefaultInstanceManager.newInstance(DefaultInstanceManager.java:150)
		at org.apache.jasper.servlet.JspServletWrapper.getServlet(JspServletWrapper.java:192)
		at org.apache.jasper.servlet.JspServletWrapper.service(JspServletWrapper.java:413)
		at org.apache.jasper.servlet.JspServlet.serviceJspFile(JspServlet.java:376)
		at org.apache.jasper.servlet.JspServlet.service(JspServlet.java:324)
		at javax.servlet.http.HttpServlet.service(HttpServlet.java:623)
		at org.apache.catalina.core.ApplicationFilterChain.internalDoFilter(ApplicationFilterChain.java:199)
		at org.apache.catalina.core.ApplicationFilterChain.doFilter(ApplicationFilterChain.java:144)
		at org.apache.catalina.core.ApplicationDispatcher.invoke(ApplicationDispatcher.java:642)
		at org.apache.catalina.core.ApplicationDispatcher.doInclude(ApplicationDispatcher.java:518)
		at org.apache.catalina.core.ApplicationDispatcher.include(ApplicationDispatcher.java:461)
		at org.apache.jasper.runtime.JspRuntimeLibrary.include(JspRuntimeLibrary.java:994)
		at org.apache.jsp.index_jsp._jspService(index_jsp.java:764)
		at org.apache.jasper.runtime.HttpJspBase.service(HttpJspBase.java:67)
		at javax.servlet.http.HttpServlet.service(HttpServlet.java:623)
		at org.apache.jasper.servlet.JspServletWrapper.service(JspServletWrapper.java:466)
		at org.apache.jasper.servlet.JspServlet.serviceJspFile(JspServlet.java:376)
		at org.apache.jasper.servlet.JspServlet.service(JspServlet.java:324)
		at javax.servlet.http.HttpServlet.service(HttpServlet.java:623)
		at org.apache.catalina.core.ApplicationFilterChain.internalDoFilter(ApplicationFilterChain.java:199)
		at org.apache.catalina.core.ApplicationFilterChain.doFilter(ApplicationFilterChain.java:144)
		at org.apache.tomcat.websocket.server.WsFilter.doFilter(WsFilter.java:51)
		at org.apache.catalina.core.ApplicationFilterChain.internalDoFilter(ApplicationFilterChain.java:168)
		at org.apache.catalina.core.ApplicationFilterChain.doFilter(ApplicationFilterChain.java:144)
		at org.apache.catalina.core.StandardWrapperValve.invoke(StandardWrapperValve.java:168)
		at org.apache.catalina.core.StandardContextValve.invoke(StandardContextValve.java:90)
		at org.apache.catalina.authenticator.AuthenticatorBase.invoke(AuthenticatorBase.java:482)
		at org.apache.catalina.core.StandardHostValve.invoke(StandardHostValve.java:130)
		at org.apache.catalina.valves.ErrorReportValve.invoke(ErrorReportValve.java:93)
		at org.apache.catalina.valves.AbstractAccessLogValve.invoke(AbstractAccessLogValve.java:660)
		at org.apache.catalina.core.StandardEngineValve.invoke(StandardEngineValve.java:74)
		at org.apache.catalina.connector.CoyoteAdapter.service(CoyoteAdapter.java:346)
		at org.apache.coyote.http11.Http11Processor.service(Http11Processor.java:396)
		at org.apache.coyote.AbstractProcessorLight.process(AbstractProcessorLight.java:63)
		at org.apache.coyote.AbstractProtocol$ConnectionHandler.process(AbstractProtocol.java:937)
		at org.apache.tomcat.util.net.NioEndpoint$SocketProcessor.doRun(NioEndpoint.java:1791)
		at org.apache.tomcat.util.net.SocketProcessorBase.run(SocketProcessorBase.java:52)
		at org.apache.tomcat.util.threads.ThreadPoolExecutor.runWorker(ThreadPoolExecutor.java:1190)
		at org.apache.tomcat.util.threads.ThreadPoolExecutor$Worker.run(ThreadPoolExecutor.java:659)
		at org.apache.tomcat.util.threads.TaskThread$WrappingRunnable.run(TaskThread.java:63)
		at java.base/java.lang.Thread.run(Thread.java:1575)
31-May-2026 11:01:46.230 SEVERE [http-nio-8082-exec-3] org.apache.catalina.core.StandardWrapperValve.invoke Servlet.service() for servlet [jsp] in context with path [] threw exception [An exception occurred processing [/index.jsp] at line [614]

611:         <%
612:             if ("individual".equals(currentPage)) {
613:         %>
614:             <jsp:include page="individualDashboard.jsp" />
615:         <%
616:             } else if ("group".equals(currentPage)) {
617:         %>


Stacktrace:] with root cause
	java.lang.ClassNotFoundException: org.apache.jsp.individualDashboard_jsp
		at java.base/java.net.URLClassLoader.findClass(URLClassLoader.java:445)
		at org.apache.jasper.servlet.JasperLoader.loadClass(JasperLoader.java:129)
		at org.apache.jasper.servlet.JasperLoader.loadClass(JasperLoader.java:58)
		at org.apache.catalina.core.DefaultInstanceManager.newInstance(DefaultInstanceManager.java:150)
		at org.apache.jasper.servlet.JspServletWrapper.getServlet(JspServletWrapper.java:192)
		at org.apache.jasper.servlet.JspServletWrapper.service(JspServletWrapper.java:413)
		at org.apache.jasper.servlet.JspServlet.serviceJspFile(JspServlet.java:376)
		at org.apache.jasper.servlet.JspServlet.service(JspServlet.java:324)
		at javax.servlet.http.HttpServlet.service(HttpServlet.java:623)
		at org.apache.catalina.core.ApplicationFilterChain.internalDoFilter(ApplicationFilterChain.java:199)
		at org.apache.catalina.core.ApplicationFilterChain.doFilter(ApplicationFilterChain.java:144)
		at org.apache.catalina.core.ApplicationDispatcher.invoke(ApplicationDispatcher.java:642)
		at org.apache.catalina.core.ApplicationDispatcher.doInclude(ApplicationDispatcher.java:518)
		at org.apache.catalina.core.ApplicationDispatcher.include(ApplicationDispatcher.java:461)
		at org.apache.jasper.runtime.JspRuntimeLibrary.include(JspRuntimeLibrary.java:994)
		at org.apache.jsp.index_jsp._jspService(index_jsp.java:764)
		at org.apache.jasper.runtime.HttpJspBase.service(HttpJspBase.java:67)
		at javax.servlet.http.HttpServlet.service(HttpServlet.java:623)
		at org.apache.jasper.servlet.JspServletWrapper.service(JspServletWrapper.java:466)
		at org.apache.jasper.servlet.JspServlet.serviceJspFile(JspServlet.java:376)
		at org.apache.jasper.servlet.JspServlet.service(JspServlet.java:324)
		at javax.servlet.http.HttpServlet.service(HttpServlet.java:623)
		at org.apache.catalina.core.ApplicationFilterChain.internalDoFilter(ApplicationFilterChain.java:199)
		at org.apache.catalina.core.ApplicationFilterChain.doFilter(ApplicationFilterChain.java:144)
		at org.apache.tomcat.websocket.server.WsFilter.doFilter(WsFilter.java:51)
		at org.apache.catalina.core.ApplicationFilterChain.internalDoFilter(ApplicationFilterChain.java:168)
		at org.apache.catalina.core.ApplicationFilterChain.doFilter(ApplicationFilterChain.java:144)
		at org.apache.catalina.core.StandardWrapperValve.invoke(StandardWrapperValve.java:168)
		at org.apache.catalina.core.StandardContextValve.invoke(StandardContextValve.java:90)
		at org.apache.catalina.authenticator.AuthenticatorBase.invoke(AuthenticatorBase.java:482)
		at org.apache.catalina.core.StandardHostValve.invoke(StandardHostValve.java:130)
		at org.apache.catalina.valves.ErrorReportValve.invoke(ErrorReportValve.java:93)
		at org.apache.catalina.valves.AbstractAccessLogValve.invoke(AbstractAccessLogValve.java:660)
		at org.apache.catalina.core.StandardEngineValve.invoke(StandardEngineValve.java:74)
		at org.apache.catalina.connector.CoyoteAdapter.service(CoyoteAdapter.java:346)
		at org.apache.coyote.http11.Http11Processor.service(Http11Processor.java:396)
		at org.apache.coyote.AbstractProcessorLight.process(AbstractProcessorLight.java:63)
		at org.apache.coyote.AbstractProtocol$ConnectionHandler.process(AbstractProtocol.java:937)
		at org.apache.tomcat.util.net.NioEndpoint$SocketProcessor.doRun(NioEndpoint.java:1791)
		at org.apache.tomcat.util.net.SocketProcessorBase.run(SocketProcessorBase.java:52)
		at org.apache.tomcat.util.threads.ThreadPoolExecutor.runWorker(ThreadPoolExecutor.java:1190)
		at org.apache.tomcat.util.threads.ThreadPoolExecutor$Worker.run(ThreadPoolExecutor.java:659)
		at org.apache.tomcat.util.threads.TaskThread$WrappingRunnable.run(TaskThread.java:63)
		at java.base/java.lang.Thread.run(Thread.java:1575)
31-May-2026 11:01:46.986 SEVERE [http-nio-8082-exec-6] org.apache.catalina.core.ApplicationDispatcher.invoke Servlet.service() for servlet [jsp] threw exception
	org.apache.jasper.JasperException: Unable to compile class for JSP: 

An error occurred at line: [520] in the jsp file: [/individualDashboard.jsp]
counter cannot be resolved to a variable
517:         %>
518:         </table>
519: 
520:         <% if (counter == 1) { %>
521:             <style>
522:                 .task-table { display: none; }
523:                 .empty-state-card {


Stacktrace:
		at org.apache.jasper.compiler.DefaultErrorHandler.javacError(DefaultErrorHandler.java:72)
		at org.apache.jasper.compiler.ErrorDispatcher.javacError(ErrorDispatcher.java:192)
		at org.apache.jasper.compiler.JDTCompiler.generateClass(JDTCompiler.java:542)
		at org.apache.jasper.compiler.Compiler.compile(Compiler.java:371)
		at org.apache.jasper.compiler.Compiler.compile(Compiler.java:343)
		at org.apache.jasper.compiler.Compiler.compile(Compiler.java:329)
		at org.apache.jasper.JspCompilationContext.compile(JspCompilationContext.java:603)
		at org.apache.jasper.servlet.JspServletWrapper.service(JspServletWrapper.java:399)
		at org.apache.jasper.servlet.JspServlet.serviceJspFile(JspServlet.java:376)
		at org.apache.jasper.servlet.JspServlet.service(JspServlet.java:324)
		at javax.servlet.http.HttpServlet.service(HttpServlet.java:623)
		at org.apache.catalina.core.ApplicationFilterChain.internalDoFilter(ApplicationFilterChain.java:199)
		at org.apache.catalina.core.ApplicationFilterChain.doFilter(ApplicationFilterChain.java:144)
		at org.apache.catalina.core.ApplicationDispatcher.invoke(ApplicationDispatcher.java:642)
		at org.apache.catalina.core.ApplicationDispatcher.doInclude(ApplicationDispatcher.java:518)
		at org.apache.catalina.core.ApplicationDispatcher.include(ApplicationDispatcher.java:461)
		at org.apache.jasper.runtime.JspRuntimeLibrary.include(JspRuntimeLibrary.java:994)
		at org.apache.jsp.index_jsp._jspService(index_jsp.java:764)
		at org.apache.jasper.runtime.HttpJspBase.service(HttpJspBase.java:67)
		at javax.servlet.http.HttpServlet.service(HttpServlet.java:623)
		at org.apache.jasper.servlet.JspServletWrapper.service(JspServletWrapper.java:466)
		at org.apache.jasper.servlet.JspServlet.serviceJspFile(JspServlet.java:376)
		at org.apache.jasper.servlet.JspServlet.service(JspServlet.java:324)
		at javax.servlet.http.HttpServlet.service(HttpServlet.java:623)
		at org.apache.catalina.core.ApplicationFilterChain.internalDoFilter(ApplicationFilterChain.java:199)
		at org.apache.catalina.core.ApplicationFilterChain.doFilter(ApplicationFilterChain.java:144)
		at org.apache.tomcat.websocket.server.WsFilter.doFilter(WsFilter.java:51)
		at org.apache.catalina.core.ApplicationFilterChain.internalDoFilter(ApplicationFilterChain.java:168)
		at org.apache.catalina.core.ApplicationFilterChain.doFilter(ApplicationFilterChain.java:144)
		at org.apache.catalina.core.StandardWrapperValve.invoke(StandardWrapperValve.java:168)
		at org.apache.catalina.core.StandardContextValve.invoke(StandardContextValve.java:90)
		at org.apache.catalina.authenticator.AuthenticatorBase.invoke(AuthenticatorBase.java:482)
		at org.apache.catalina.core.StandardHostValve.invoke(StandardHostValve.java:130)
		at org.apache.catalina.valves.ErrorReportValve.invoke(ErrorReportValve.java:93)
		at org.apache.catalina.valves.AbstractAccessLogValve.invoke(AbstractAccessLogValve.java:660)
		at org.apache.catalina.core.StandardEngineValve.invoke(StandardEngineValve.java:74)
		at org.apache.catalina.connector.CoyoteAdapter.service(CoyoteAdapter.java:346)
		at org.apache.coyote.http11.Http11Processor.service(Http11Processor.java:396)
		at org.apache.coyote.AbstractProcessorLight.process(AbstractProcessorLight.java:63)
		at org.apache.coyote.AbstractProtocol$ConnectionHandler.process(AbstractProtocol.java:937)
		at org.apache.tomcat.util.net.NioEndpoint$SocketProcessor.doRun(NioEndpoint.java:1791)
		at org.apache.tomcat.util.net.SocketProcessorBase.run(SocketProcessorBase.java:52)
		at org.apache.tomcat.util.threads.ThreadPoolExecutor.runWorker(ThreadPoolExecutor.java:1190)
		at org.apache.tomcat.util.threads.ThreadPoolExecutor$Worker.run(ThreadPoolExecutor.java:659)
		at org.apache.tomcat.util.threads.TaskThread$WrappingRunnable.run(TaskThread.java:63)
		at java.base/java.lang.Thread.run(Thread.java:1575)
31-May-2026 11:01:46.986 SEVERE [http-nio-8082-exec-6] org.apache.catalina.core.StandardWrapperValve.invoke Servlet.service() for servlet [jsp] in context with path [] threw exception [Unable to compile class for JSP: 

An error occurred at line: [520] in the jsp file: [/individualDashboard.jsp]
counter cannot be resolved to a variable
517:         %>
518:         </table>
519: 
520:         <% if (counter == 1) { %>
521:             <style>
522:                 .task-table { display: none; }
523:                 .empty-state-card {


Stacktrace:] with root cause
	org.apache.jasper.JasperException: Unable to compile class for JSP: 

An error occurred at line: [520] in the jsp file: [/individualDashboard.jsp]
counter cannot be resolved to a variable
517:         %>
518:         </table>
519: 
520:         <% if (counter == 1) { %>
521:             <style>
522:                 .task-table { display: none; }
523:                 .empty-state-card {


Stacktrace:
		at org.apache.jasper.compiler.DefaultErrorHandler.javacError(DefaultErrorHandler.java:72)
		at org.apache.jasper.compiler.ErrorDispatcher.javacError(ErrorDispatcher.java:192)
		at org.apache.jasper.compiler.JDTCompiler.generateClass(JDTCompiler.java:542)
		at org.apache.jasper.compiler.Compiler.compile(Compiler.java:371)
		at org.apache.jasper.compiler.Compiler.compile(Compiler.java:343)
		at org.apache.jasper.compiler.Compiler.compile(Compiler.java:329)
		at org.apache.jasper.JspCompilationContext.compile(JspCompilationContext.java:603)
		at org.apache.jasper.servlet.JspServletWrapper.service(JspServletWrapper.java:399)
		at org.apache.jasper.servlet.JspServlet.serviceJspFile(JspServlet.java:376)
		at org.apache.jasper.servlet.JspServlet.service(JspServlet.java:324)
		at javax.servlet.http.HttpServlet.service(HttpServlet.java:623)
		at org.apache.catalina.core.ApplicationFilterChain.internalDoFilter(ApplicationFilterChain.java:199)
		at org.apache.catalina.core.ApplicationFilterChain.doFilter(ApplicationFilterChain.java:144)
		at org.apache.catalina.core.ApplicationDispatcher.invoke(ApplicationDispatcher.java:642)
		at org.apache.catalina.core.ApplicationDispatcher.doInclude(ApplicationDispatcher.java:518)
		at org.apache.catalina.core.ApplicationDispatcher.include(ApplicationDispatcher.java:461)
		at org.apache.jasper.runtime.JspRuntimeLibrary.include(JspRuntimeLibrary.java:994)
		at org.apache.jsp.index_jsp._jspService(index_jsp.java:764)
		at org.apache.jasper.runtime.HttpJspBase.service(HttpJspBase.java:67)
		at javax.servlet.http.HttpServlet.service(HttpServlet.java:623)
		at org.apache.jasper.servlet.JspServletWrapper.service(JspServletWrapper.java:466)
		at org.apache.jasper.servlet.JspServlet.serviceJspFile(JspServlet.java:376)
		at org.apache.jasper.servlet.JspServlet.service(JspServlet.java:324)
		at javax.servlet.http.HttpServlet.service(HttpServlet.java:623)
		at org.apache.catalina.core.ApplicationFilterChain.internalDoFilter(ApplicationFilterChain.java:199)
		at org.apache.catalina.core.ApplicationFilterChain.doFilter(ApplicationFilterChain.java:144)
		at org.apache.tomcat.websocket.server.WsFilter.doFilter(WsFilter.java:51)
		at org.apache.catalina.core.ApplicationFilterChain.internalDoFilter(ApplicationFilterChain.java:168)
		at org.apache.catalina.core.ApplicationFilterChain.doFilter(ApplicationFilterChain.java:144)
		at org.apache.catalina.core.StandardWrapperValve.invoke(StandardWrapperValve.java:168)
		at org.apache.catalina.core.StandardContextValve.invoke(StandardContextValve.java:90)
		at org.apache.catalina.authenticator.AuthenticatorBase.invoke(AuthenticatorBase.java:482)
		at org.apache.catalina.core.StandardHostValve.invoke(StandardHostValve.java:130)
		at org.apache.catalina.valves.ErrorReportValve.invoke(ErrorReportValve.java:93)
		at org.apache.catalina.valves.AbstractAccessLogValve.invoke(AbstractAccessLogValve.java:660)
		at org.apache.catalina.core.StandardEngineValve.invoke(StandardEngineValve.java:74)
		at org.apache.catalina.connector.CoyoteAdapter.service(CoyoteAdapter.java:346)
		at org.apache.coyote.http11.Http11Processor.service(Http11Processor.java:396)
		at org.apache.coyote.AbstractProcessorLight.process(AbstractProcessorLight.java:63)
		at org.apache.coyote.AbstractProtocol$ConnectionHandler.process(AbstractProtocol.java:937)
		at org.apache.tomcat.util.net.NioEndpoint$SocketProcessor.doRun(NioEndpoint.java:1791)
		at org.apache.tomcat.util.net.SocketProcessorBase.run(SocketProcessorBase.java:52)
		at org.apache.tomcat.util.threads.ThreadPoolExecutor.runWorker(ThreadPoolExecutor.java:1190)
		at org.apache.tomcat.util.threads.ThreadPoolExecutor$Worker.run(ThreadPoolExecutor.java:659)
		at org.apache.tomcat.util.threads.TaskThread$WrappingRunnable.run(TaskThread.java:63)
		at java.base/java.lang.Thread.run(Thread.java:1575)
31-May-2026 11:01:47.119 SEVERE [http-nio-8082-exec-5] org.apache.catalina.core.ApplicationDispatcher.invoke Servlet.service() for servlet [jsp] threw exception
	java.lang.ClassNotFoundException: org.apache.jsp.individualDashboard_jsp
		at java.base/java.net.URLClassLoader.findClass(URLClassLoader.java:445)
		at org.apache.jasper.servlet.JasperLoader.loadClass(JasperLoader.java:129)
		at org.apache.jasper.servlet.JasperLoader.loadClass(JasperLoader.java:58)
		at org.apache.catalina.core.DefaultInstanceManager.newInstance(DefaultInstanceManager.java:150)
		at org.apache.jasper.servlet.JspServletWrapper.getServlet(JspServletWrapper.java:192)
		at org.apache.jasper.servlet.JspServletWrapper.service(JspServletWrapper.java:413)
		at org.apache.jasper.servlet.JspServlet.serviceJspFile(JspServlet.java:376)
		at org.apache.jasper.servlet.JspServlet.service(JspServlet.java:324)
		at javax.servlet.http.HttpServlet.service(HttpServlet.java:623)
		at org.apache.catalina.core.ApplicationFilterChain.internalDoFilter(ApplicationFilterChain.java:199)
		at org.apache.catalina.core.ApplicationFilterChain.doFilter(ApplicationFilterChain.java:144)
		at org.apache.catalina.core.ApplicationDispatcher.invoke(ApplicationDispatcher.java:642)
		at org.apache.catalina.core.ApplicationDispatcher.doInclude(ApplicationDispatcher.java:518)
		at org.apache.catalina.core.ApplicationDispatcher.include(ApplicationDispatcher.java:461)
		at org.apache.jasper.runtime.JspRuntimeLibrary.include(JspRuntimeLibrary.java:994)
		at org.apache.jsp.index_jsp._jspService(index_jsp.java:764)
		at org.apache.jasper.runtime.HttpJspBase.service(HttpJspBase.java:67)
		at javax.servlet.http.HttpServlet.service(HttpServlet.java:623)
		at org.apache.jasper.servlet.JspServletWrapper.service(JspServletWrapper.java:466)
		at org.apache.jasper.servlet.JspServlet.serviceJspFile(JspServlet.java:376)
		at org.apache.jasper.servlet.JspServlet.service(JspServlet.java:324)
		at javax.servlet.http.HttpServlet.service(HttpServlet.java:623)
		at org.apache.catalina.core.ApplicationFilterChain.internalDoFilter(ApplicationFilterChain.java:199)
		at org.apache.catalina.core.ApplicationFilterChain.doFilter(ApplicationFilterChain.java:144)
		at org.apache.tomcat.websocket.server.WsFilter.doFilter(WsFilter.java:51)
		at org.apache.catalina.core.ApplicationFilterChain.internalDoFilter(ApplicationFilterChain.java:168)
		at org.apache.catalina.core.ApplicationFilterChain.doFilter(ApplicationFilterChain.java:144)
		at org.apache.catalina.core.StandardWrapperValve.invoke(StandardWrapperValve.java:168)
		at org.apache.catalina.core.StandardContextValve.invoke(StandardContextValve.java:90)
		at org.apache.catalina.authenticator.AuthenticatorBase.invoke(AuthenticatorBase.java:482)
		at org.apache.catalina.core.StandardHostValve.invoke(StandardHostValve.java:130)
		at org.apache.catalina.valves.ErrorReportValve.invoke(ErrorReportValve.java:93)
		at org.apache.catalina.valves.AbstractAccessLogValve.invoke(AbstractAccessLogValve.java:660)
		at org.apache.catalina.core.StandardEngineValve.invoke(StandardEngineValve.java:74)
		at org.apache.catalina.connector.CoyoteAdapter.service(CoyoteAdapter.java:346)
		at org.apache.coyote.http11.Http11Processor.service(Http11Processor.java:396)
		at org.apache.coyote.AbstractProcessorLight.process(AbstractProcessorLight.java:63)
		at org.apache.coyote.AbstractProtocol$ConnectionHandler.process(AbstractProtocol.java:937)
		at org.apache.tomcat.util.net.NioEndpoint$SocketProcessor.doRun(NioEndpoint.java:1791)
		at org.apache.tomcat.util.net.SocketProcessorBase.run(SocketProcessorBase.java:52)
		at org.apache.tomcat.util.threads.ThreadPoolExecutor.runWorker(ThreadPoolExecutor.java:1190)
		at org.apache.tomcat.util.threads.ThreadPoolExecutor$Worker.run(ThreadPoolExecutor.java:659)
		at org.apache.tomcat.util.threads.TaskThread$WrappingRunnable.run(TaskThread.java:63)
		at java.base/java.lang.Thread.run(Thread.java:1575)
31-May-2026 11:01:47.122 SEVERE [http-nio-8082-exec-5] org.apache.catalina.core.StandardWrapperValve.invoke Servlet.service() for servlet [jsp] in context with path [] threw exception [An exception occurred processing [/index.jsp] at line [614]

611:         <%
612:             if ("individual".equals(currentPage)) {
613:         %>
614:             <jsp:include page="individualDashboard.jsp" />
615:         <%
616:             } else if ("group".equals(currentPage)) {
617:         %>


Stacktrace:] with root cause
	java.lang.ClassNotFoundException: org.apache.jsp.individualDashboard_jsp
		at java.base/java.net.URLClassLoader.findClass(URLClassLoader.java:445)
		at org.apache.jasper.servlet.JasperLoader.loadClass(JasperLoader.java:129)
		at org.apache.jasper.servlet.JasperLoader.loadClass(JasperLoader.java:58)
		at org.apache.catalina.core.DefaultInstanceManager.newInstance(DefaultInstanceManager.java:150)
		at org.apache.jasper.servlet.JspServletWrapper.getServlet(JspServletWrapper.java:192)
		at org.apache.jasper.servlet.JspServletWrapper.service(JspServletWrapper.java:413)
		at org.apache.jasper.servlet.JspServlet.serviceJspFile(JspServlet.java:376)
		at org.apache.jasper.servlet.JspServlet.service(JspServlet.java:324)
		at javax.servlet.http.HttpServlet.service(HttpServlet.java:623)
		at org.apache.catalina.core.ApplicationFilterChain.internalDoFilter(ApplicationFilterChain.java:199)
		at org.apache.catalina.core.ApplicationFilterChain.doFilter(ApplicationFilterChain.java:144)
		at org.apache.catalina.core.ApplicationDispatcher.invoke(ApplicationDispatcher.java:642)
		at org.apache.catalina.core.ApplicationDispatcher.doInclude(ApplicationDispatcher.java:518)
		at org.apache.catalina.core.ApplicationDispatcher.include(ApplicationDispatcher.java:461)
		at org.apache.jasper.runtime.JspRuntimeLibrary.include(JspRuntimeLibrary.java:994)
		at org.apache.jsp.index_jsp._jspService(index_jsp.java:764)
		at org.apache.jasper.runtime.HttpJspBase.service(HttpJspBase.java:67)
		at javax.servlet.http.HttpServlet.service(HttpServlet.java:623)
		at org.apache.jasper.servlet.JspServletWrapper.service(JspServletWrapper.java:466)
		at org.apache.jasper.servlet.JspServlet.serviceJspFile(JspServlet.java:376)
		at org.apache.jasper.servlet.JspServlet.service(JspServlet.java:324)
		at javax.servlet.http.HttpServlet.service(HttpServlet.java:623)
		at org.apache.catalina.core.ApplicationFilterChain.internalDoFilter(ApplicationFilterChain.java:199)
		at org.apache.catalina.core.ApplicationFilterChain.doFilter(ApplicationFilterChain.java:144)
		at org.apache.tomcat.websocket.server.WsFilter.doFilter(WsFilter.java:51)
		at org.apache.catalina.core.ApplicationFilterChain.internalDoFilter(ApplicationFilterChain.java:168)
		at org.apache.catalina.core.ApplicationFilterChain.doFilter(ApplicationFilterChain.java:144)
		at org.apache.catalina.core.StandardWrapperValve.invoke(StandardWrapperValve.java:168)
		at org.apache.catalina.core.StandardContextValve.invoke(StandardContextValve.java:90)
		at org.apache.catalina.authenticator.AuthenticatorBase.invoke(AuthenticatorBase.java:482)
		at org.apache.catalina.core.StandardHostValve.invoke(StandardHostValve.java:130)
		at org.apache.catalina.valves.ErrorReportValve.invoke(ErrorReportValve.java:93)
		at org.apache.catalina.valves.AbstractAccessLogValve.invoke(AbstractAccessLogValve.java:660)
		at org.apache.catalina.core.StandardEngineValve.invoke(StandardEngineValve.java:74)
		at org.apache.catalina.connector.CoyoteAdapter.service(CoyoteAdapter.java:346)
		at org.apache.coyote.http11.Http11Processor.service(Http11Processor.java:396)
		at org.apache.coyote.AbstractProcessorLight.process(AbstractProcessorLight.java:63)
		at org.apache.coyote.AbstractProtocol$ConnectionHandler.process(AbstractProtocol.java:937)
		at org.apache.tomcat.util.net.NioEndpoint$SocketProcessor.doRun(NioEndpoint.java:1791)
		at org.apache.tomcat.util.net.SocketProcessorBase.run(SocketProcessorBase.java:52)
		at org.apache.tomcat.util.threads.ThreadPoolExecutor.runWorker(ThreadPoolExecutor.java:1190)
		at org.apache.tomcat.util.threads.ThreadPoolExecutor$Worker.run(ThreadPoolExecutor.java:659)
		at org.apache.tomcat.util.threads.TaskThread$WrappingRunnable.run(TaskThread.java:63)
		at java.base/java.lang.Thread.run(Thread.java:1575)
31-May-2026 11:01:51.581 SEVERE [http-nio-8082-exec-7] org.apache.catalina.core.ApplicationDispatcher.invoke Servlet.service() for servlet [jsp] threw exception
	org.apache.jasper.JasperException: Unable to compile class for JSP: 

An error occurred at line: [520] in the jsp file: [/individualDashboard.jsp]
counter cannot be resolved to a variable
517:         %>
518:         </table>
519: 
520:         <% if (counter == 1) { %>
521:             <style>
522:                 .task-table { display: none; }
523:                 .empty-state-card {


Stacktrace:
		at org.apache.jasper.compiler.DefaultErrorHandler.javacError(DefaultErrorHandler.java:72)
		at org.apache.jasper.compiler.ErrorDispatcher.javacError(ErrorDispatcher.java:192)
		at org.apache.jasper.compiler.JDTCompiler.generateClass(JDTCompiler.java:542)
		at org.apache.jasper.compiler.Compiler.compile(Compiler.java:371)
		at org.apache.jasper.compiler.Compiler.compile(Compiler.java:343)
		at org.apache.jasper.compiler.Compiler.compile(Compiler.java:329)
		at org.apache.jasper.JspCompilationContext.compile(JspCompilationContext.java:603)
		at org.apache.jasper.servlet.JspServletWrapper.service(JspServletWrapper.java:399)
		at org.apache.jasper.servlet.JspServlet.serviceJspFile(JspServlet.java:376)
		at org.apache.jasper.servlet.JspServlet.service(JspServlet.java:324)
		at javax.servlet.http.HttpServlet.service(HttpServlet.java:623)
		at org.apache.catalina.core.ApplicationFilterChain.internalDoFilter(ApplicationFilterChain.java:199)
		at org.apache.catalina.core.ApplicationFilterChain.doFilter(ApplicationFilterChain.java:144)
		at org.apache.catalina.core.ApplicationDispatcher.invoke(ApplicationDispatcher.java:642)
		at org.apache.catalina.core.ApplicationDispatcher.doInclude(ApplicationDispatcher.java:518)
		at org.apache.catalina.core.ApplicationDispatcher.include(ApplicationDispatcher.java:461)
		at org.apache.jasper.runtime.JspRuntimeLibrary.include(JspRuntimeLibrary.java:994)
		at org.apache.jsp.index_jsp._jspService(index_jsp.java:764)
		at org.apache.jasper.runtime.HttpJspBase.service(HttpJspBase.java:67)
		at javax.servlet.http.HttpServlet.service(HttpServlet.java:623)
		at org.apache.jasper.servlet.JspServletWrapper.service(JspServletWrapper.java:466)
		at org.apache.jasper.servlet.JspServlet.serviceJspFile(JspServlet.java:376)
		at org.apache.jasper.servlet.JspServlet.service(JspServlet.java:324)
		at javax.servlet.http.HttpServlet.service(HttpServlet.java:623)
		at org.apache.catalina.core.ApplicationFilterChain.internalDoFilter(ApplicationFilterChain.java:199)
		at org.apache.catalina.core.ApplicationFilterChain.doFilter(ApplicationFilterChain.java:144)
		at org.apache.tomcat.websocket.server.WsFilter.doFilter(WsFilter.java:51)
		at org.apache.catalina.core.ApplicationFilterChain.internalDoFilter(ApplicationFilterChain.java:168)
		at org.apache.catalina.core.ApplicationFilterChain.doFilter(ApplicationFilterChain.java:144)
		at org.apache.catalina.core.StandardWrapperValve.invoke(StandardWrapperValve.java:168)
		at org.apache.catalina.core.StandardContextValve.invoke(StandardContextValve.java:90)
		at org.apache.catalina.authenticator.AuthenticatorBase.invoke(AuthenticatorBase.java:482)
		at org.apache.catalina.core.StandardHostValve.invoke(StandardHostValve.java:130)
		at org.apache.catalina.valves.ErrorReportValve.invoke(ErrorReportValve.java:93)
		at org.apache.catalina.valves.AbstractAccessLogValve.invoke(AbstractAccessLogValve.java:660)
		at org.apache.catalina.core.StandardEngineValve.invoke(StandardEngineValve.java:74)
		at org.apache.catalina.connector.CoyoteAdapter.service(CoyoteAdapter.java:346)
		at org.apache.coyote.http11.Http11Processor.service(Http11Processor.java:396)
		at org.apache.coyote.AbstractProcessorLight.process(AbstractProcessorLight.java:63)
		at org.apache.coyote.AbstractProtocol$ConnectionHandler.process(AbstractProtocol.java:937)
		at org.apache.tomcat.util.net.NioEndpoint$SocketProcessor.doRun(NioEndpoint.java:1791)
		at org.apache.tomcat.util.net.SocketProcessorBase.run(SocketProcessorBase.java:52)
		at org.apache.tomcat.util.threads.ThreadPoolExecutor.runWorker(ThreadPoolExecutor.java:1190)
		at org.apache.tomcat.util.threads.ThreadPoolExecutor$Worker.run(ThreadPoolExecutor.java:659)
		at org.apache.tomcat.util.threads.TaskThread$WrappingRunnable.run(TaskThread.java:63)
		at java.base/java.lang.Thread.run(Thread.java:1575)
31-May-2026 11:01:51.582 SEVERE [http-nio-8082-exec-7] org.apache.catalina.core.StandardWrapperValve.invoke Servlet.service() for servlet [jsp] in context with path [] threw exception [Unable to compile class for JSP: 

An error occurred at line: [520] in the jsp file: [/individualDashboard.jsp]
counter cannot be resolved to a variable
517:         %>
518:         </table>
519: 
520:         <% if (counter == 1) { %>
521:             <style>
522:                 .task-table { display: none; }
523:                 .empty-state-card {


Stacktrace:] with root cause
	org.apache.jasper.JasperException: Unable to compile class for JSP: 

An error occurred at line: [520] in the jsp file: [/individualDashboard.jsp]
counter cannot be resolved to a variable
517:         %>
518:         </table>
519: 
520:         <% if (counter == 1) { %>
521:             <style>
522:                 .task-table { display: none; }
523:                 .empty-state-card {


Stacktrace:
		at org.apache.jasper.compiler.DefaultErrorHandler.javacError(DefaultErrorHandler.java:72)
		at org.apache.jasper.compiler.ErrorDispatcher.javacError(ErrorDispatcher.java:192)
		at org.apache.jasper.compiler.JDTCompiler.generateClass(JDTCompiler.java:542)
		at org.apache.jasper.compiler.Compiler.compile(Compiler.java:371)
		at org.apache.jasper.compiler.Compiler.compile(Compiler.java:343)
		at org.apache.jasper.compiler.Compiler.compile(Compiler.java:329)
		at org.apache.jasper.JspCompilationContext.compile(JspCompilationContext.java:603)
		at org.apache.jasper.servlet.JspServletWrapper.service(JspServletWrapper.java:399)
		at org.apache.jasper.servlet.JspServlet.serviceJspFile(JspServlet.java:376)
		at org.apache.jasper.servlet.JspServlet.service(JspServlet.java:324)
		at javax.servlet.http.HttpServlet.service(HttpServlet.java:623)
		at org.apache.catalina.core.ApplicationFilterChain.internalDoFilter(ApplicationFilterChain.java:199)
		at org.apache.catalina.core.ApplicationFilterChain.doFilter(ApplicationFilterChain.java:144)
		at org.apache.catalina.core.ApplicationDispatcher.invoke(ApplicationDispatcher.java:642)
		at org.apache.catalina.core.ApplicationDispatcher.doInclude(ApplicationDispatcher.java:518)
		at org.apache.catalina.core.ApplicationDispatcher.include(ApplicationDispatcher.java:461)
		at org.apache.jasper.runtime.JspRuntimeLibrary.include(JspRuntimeLibrary.java:994)
		at org.apache.jsp.index_jsp._jspService(index_jsp.java:764)
		at org.apache.jasper.runtime.HttpJspBase.service(HttpJspBase.java:67)
		at javax.servlet.http.HttpServlet.service(HttpServlet.java:623)
		at org.apache.jasper.servlet.JspServletWrapper.service(JspServletWrapper.java:466)
		at org.apache.jasper.servlet.JspServlet.serviceJspFile(JspServlet.java:376)
		at org.apache.jasper.servlet.JspServlet.service(JspServlet.java:324)
		at javax.servlet.http.HttpServlet.service(HttpServlet.java:623)
		at org.apache.catalina.core.ApplicationFilterChain.internalDoFilter(ApplicationFilterChain.java:199)
		at org.apache.catalina.core.ApplicationFilterChain.doFilter(ApplicationFilterChain.java:144)
		at org.apache.tomcat.websocket.server.WsFilter.doFilter(WsFilter.java:51)
		at org.apache.catalina.core.ApplicationFilterChain.internalDoFilter(ApplicationFilterChain.java:168)
		at org.apache.catalina.core.ApplicationFilterChain.doFilter(ApplicationFilterChain.java:144)
		at org.apache.catalina.core.StandardWrapperValve.invoke(StandardWrapperValve.java:168)
		at org.apache.catalina.core.StandardContextValve.invoke(StandardContextValve.java:90)
		at org.apache.catalina.authenticator.AuthenticatorBase.invoke(AuthenticatorBase.java:482)
		at org.apache.catalina.core.StandardHostValve.invoke(StandardHostValve.java:130)
		at org.apache.catalina.valves.ErrorReportValve.invoke(ErrorReportValve.java:93)
		at org.apache.catalina.valves.AbstractAccessLogValve.invoke(AbstractAccessLogValve.java:660)
		at org.apache.catalina.core.StandardEngineValve.invoke(StandardEngineValve.java:74)
		at org.apache.catalina.connector.CoyoteAdapter.service(CoyoteAdapter.java:346)
		at org.apache.coyote.http11.Http11Processor.service(Http11Processor.java:396)
		at org.apache.coyote.AbstractProcessorLight.process(AbstractProcessorLight.java:63)
		at org.apache.coyote.AbstractProtocol$ConnectionHandler.process(AbstractProtocol.java:937)
		at org.apache.tomcat.util.net.NioEndpoint$SocketProcessor.doRun(NioEndpoint.java:1791)
		at org.apache.tomcat.util.net.SocketProcessorBase.run(SocketProcessorBase.java:52)
		at org.apache.tomcat.util.threads.ThreadPoolExecutor.runWorker(ThreadPoolExecutor.java:1190)
		at org.apache.tomcat.util.threads.ThreadPoolExecutor$Worker.run(ThreadPoolExecutor.java:659)
		at org.apache.tomcat.util.threads.TaskThread$WrappingRunnable.run(TaskThread.java:63)
		at java.base/java.lang.Thread.run(Thread.java:1575)
31-May-2026 11:01:52.325 SEVERE [http-nio-8082-exec-4] org.apache.catalina.core.ApplicationDispatcher.invoke Servlet.service() for servlet [jsp] threw exception
	java.lang.ClassNotFoundException: org.apache.jsp.individualDashboard_jsp
		at java.base/java.net.URLClassLoader.findClass(URLClassLoader.java:445)
		at org.apache.jasper.servlet.JasperLoader.loadClass(JasperLoader.java:129)
		at org.apache.jasper.servlet.JasperLoader.loadClass(JasperLoader.java:58)
		at org.apache.catalina.core.DefaultInstanceManager.newInstance(DefaultInstanceManager.java:150)
		at org.apache.jasper.servlet.JspServletWrapper.getServlet(JspServletWrapper.java:192)
		at org.apache.jasper.servlet.JspServletWrapper.service(JspServletWrapper.java:413)
		at org.apache.jasper.servlet.JspServlet.serviceJspFile(JspServlet.java:376)
		at org.apache.jasper.servlet.JspServlet.service(JspServlet.java:324)
		at javax.servlet.http.HttpServlet.service(HttpServlet.java:623)
		at org.apache.catalina.core.ApplicationFilterChain.internalDoFilter(ApplicationFilterChain.java:199)
		at org.apache.catalina.core.ApplicationFilterChain.doFilter(ApplicationFilterChain.java:144)
		at org.apache.catalina.core.ApplicationDispatcher.invoke(ApplicationDispatcher.java:642)
		at org.apache.catalina.core.ApplicationDispatcher.doInclude(ApplicationDispatcher.java:518)
		at org.apache.catalina.core.ApplicationDispatcher.include(ApplicationDispatcher.java:461)
		at org.apache.jasper.runtime.JspRuntimeLibrary.include(JspRuntimeLibrary.java:994)
		at org.apache.jsp.index_jsp._jspService(index_jsp.java:764)
		at org.apache.jasper.runtime.HttpJspBase.service(HttpJspBase.java:67)
		at javax.servlet.http.HttpServlet.service(HttpServlet.java:623)
		at org.apache.jasper.servlet.JspServletWrapper.service(JspServletWrapper.java:466)
		at org.apache.jasper.servlet.JspServlet.serviceJspFile(JspServlet.java:376)
		at org.apache.jasper.servlet.JspServlet.service(JspServlet.java:324)
		at javax.servlet.http.HttpServlet.service(HttpServlet.java:623)
		at org.apache.catalina.core.ApplicationFilterChain.internalDoFilter(ApplicationFilterChain.java:199)
		at org.apache.catalina.core.ApplicationFilterChain.doFilter(ApplicationFilterChain.java:144)
		at org.apache.tomcat.websocket.server.WsFilter.doFilter(WsFilter.java:51)
		at org.apache.catalina.core.ApplicationFilterChain.internalDoFilter(ApplicationFilterChain.java:168)
		at org.apache.catalina.core.ApplicationFilterChain.doFilter(ApplicationFilterChain.java:144)
		at org.apache.catalina.core.StandardWrapperValve.invoke(StandardWrapperValve.java:168)
		at org.apache.catalina.core.StandardContextValve.invoke(StandardContextValve.java:90)
		at org.apache.catalina.authenticator.AuthenticatorBase.invoke(AuthenticatorBase.java:482)
		at org.apache.catalina.core.StandardHostValve.invoke(StandardHostValve.java:130)
		at org.apache.catalina.valves.ErrorReportValve.invoke(ErrorReportValve.java:93)
		at org.apache.catalina.valves.AbstractAccessLogValve.invoke(AbstractAccessLogValve.java:660)
		at org.apache.catalina.core.StandardEngineValve.invoke(StandardEngineValve.java:74)
		at org.apache.catalina.connector.CoyoteAdapter.service(CoyoteAdapter.java:346)
		at org.apache.coyote.http11.Http11Processor.service(Http11Processor.java:396)
		at org.apache.coyote.AbstractProcessorLight.process(AbstractProcessorLight.java:63)
		at org.apache.coyote.AbstractProtocol$ConnectionHandler.process(AbstractProtocol.java:937)
		at org.apache.tomcat.util.net.NioEndpoint$SocketProcessor.doRun(NioEndpoint.java:1791)
		at org.apache.tomcat.util.net.SocketProcessorBase.run(SocketProcessorBase.java:52)
		at org.apache.tomcat.util.threads.ThreadPoolExecutor.runWorker(ThreadPoolExecutor.java:1190)
		at org.apache.tomcat.util.threads.ThreadPoolExecutor$Worker.run(ThreadPoolExecutor.java:659)
		at org.apache.tomcat.util.threads.TaskThread$WrappingRunnable.run(TaskThread.java:63)
		at java.base/java.lang.Thread.run(Thread.java:1575)
31-May-2026 11:01:52.328 SEVERE [http-nio-8082-exec-4] org.apache.catalina.core.StandardWrapperValve.invoke Servlet.service() for servlet [jsp] in context with path [] threw exception [An exception occurred processing [/index.jsp] at line [614]

611:         <%
612:             if ("individual".equals(currentPage)) {
613:         %>
614:             <jsp:include page="individualDashboard.jsp" />
615:         <%
616:             } else if ("group".equals(currentPage)) {
617:         %>


Stacktrace:] with root cause
	java.lang.ClassNotFoundException: org.apache.jsp.individualDashboard_jsp
		at java.base/java.net.URLClassLoader.findClass(URLClassLoader.java:445)
		at org.apache.jasper.servlet.JasperLoader.loadClass(JasperLoader.java:129)
		at org.apache.jasper.servlet.JasperLoader.loadClass(JasperLoader.java:58)
		at org.apache.catalina.core.DefaultInstanceManager.newInstance(DefaultInstanceManager.java:150)
		at org.apache.jasper.servlet.JspServletWrapper.getServlet(JspServletWrapper.java:192)
		at org.apache.jasper.servlet.JspServletWrapper.service(JspServletWrapper.java:413)
		at org.apache.jasper.servlet.JspServlet.serviceJspFile(JspServlet.java:376)
		at org.apache.jasper.servlet.JspServlet.service(JspServlet.java:324)
		at javax.servlet.http.HttpServlet.service(HttpServlet.java:623)
		at org.apache.catalina.core.ApplicationFilterChain.internalDoFilter(ApplicationFilterChain.java:199)
		at org.apache.catalina.core.ApplicationFilterChain.doFilter(ApplicationFilterChain.java:144)
		at org.apache.catalina.core.ApplicationDispatcher.invoke(ApplicationDispatcher.java:642)
		at org.apache.catalina.core.ApplicationDispatcher.doInclude(ApplicationDispatcher.java:518)
		at org.apache.catalina.core.ApplicationDispatcher.include(ApplicationDispatcher.java:461)
		at org.apache.jasper.runtime.JspRuntimeLibrary.include(JspRuntimeLibrary.java:994)
		at org.apache.jsp.index_jsp._jspService(index_jsp.java:764)
		at org.apache.jasper.runtime.HttpJspBase.service(HttpJspBase.java:67)
		at javax.servlet.http.HttpServlet.service(HttpServlet.java:623)
		at org.apache.jasper.servlet.JspServletWrapper.service(JspServletWrapper.java:466)
		at org.apache.jasper.servlet.JspServlet.serviceJspFile(JspServlet.java:376)
		at org.apache.jasper.servlet.JspServlet.service(JspServlet.java:324)
		at javax.servlet.http.HttpServlet.service(HttpServlet.java:623)
		at org.apache.catalina.core.ApplicationFilterChain.internalDoFilter(ApplicationFilterChain.java:199)
		at org.apache.catalina.core.ApplicationFilterChain.doFilter(ApplicationFilterChain.java:144)
		at org.apache.tomcat.websocket.server.WsFilter.doFilter(WsFilter.java:51)
		at org.apache.catalina.core.ApplicationFilterChain.internalDoFilter(ApplicationFilterChain.java:168)
		at org.apache.catalina.core.ApplicationFilterChain.doFilter(ApplicationFilterChain.java:144)
		at org.apache.catalina.core.StandardWrapperValve.invoke(StandardWrapperValve.java:168)
		at org.apache.catalina.core.StandardContextValve.invoke(StandardContextValve.java:90)
		at org.apache.catalina.authenticator.AuthenticatorBase.invoke(AuthenticatorBase.java:482)
		at org.apache.catalina.core.StandardHostValve.invoke(StandardHostValve.java:130)
		at org.apache.catalina.valves.ErrorReportValve.invoke(ErrorReportValve.java:93)
		at org.apache.catalina.valves.AbstractAccessLogValve.invoke(AbstractAccessLogValve.java:660)
		at org.apache.catalina.core.StandardEngineValve.invoke(StandardEngineValve.java:74)
		at org.apache.catalina.connector.CoyoteAdapter.service(CoyoteAdapter.java:346)
		at org.apache.coyote.http11.Http11Processor.service(Http11Processor.java:396)
		at org.apache.coyote.AbstractProcessorLight.process(AbstractProcessorLight.java:63)
		at org.apache.coyote.AbstractProtocol$ConnectionHandler.process(AbstractProtocol.java:937)
		at org.apache.tomcat.util.net.NioEndpoint$SocketProcessor.doRun(NioEndpoint.java:1791)
		at org.apache.tomcat.util.net.SocketProcessorBase.run(SocketProcessorBase.java:52)
		at org.apache.tomcat.util.threads.ThreadPoolExecutor.runWorker(ThreadPoolExecutor.java:1190)
		at org.apache.tomcat.util.threads.ThreadPoolExecutor$Worker.run(ThreadPoolExecutor.java:659)
		at org.apache.tomcat.util.threads.TaskThread$WrappingRunnable.run(TaskThread.java:63)
		at java.base/java.lang.Thread.run(Thread.java:1575)
31-May-2026 11:02:22.780 SEVERE [http-nio-8082-exec-9] org.apache.catalina.core.ApplicationDispatcher.invoke Servlet.service() for servlet [jsp] threw exception
	org.apache.jasper.JasperException: Unable to compile class for JSP: 

An error occurred at line: [520] in the jsp file: [/individualDashboard.jsp]
counter cannot be resolved to a variable
517:         %>
518:         </table>
519: 
520:         <% if (counter == 1) { %>
521:             <style>
522:                 .task-table { display: none; }
523:                 .empty-state-card {


Stacktrace:
		at org.apache.jasper.compiler.DefaultErrorHandler.javacError(DefaultErrorHandler.java:72)
		at org.apache.jasper.compiler.ErrorDispatcher.javacError(ErrorDispatcher.java:192)
		at org.apache.jasper.compiler.JDTCompiler.generateClass(JDTCompiler.java:542)
		at org.apache.jasper.compiler.Compiler.compile(Compiler.java:371)
		at org.apache.jasper.compiler.Compiler.compile(Compiler.java:343)
		at org.apache.jasper.compiler.Compiler.compile(Compiler.java:329)
		at org.apache.jasper.JspCompilationContext.compile(JspCompilationContext.java:603)
		at org.apache.jasper.servlet.JspServletWrapper.service(JspServletWrapper.java:399)
		at org.apache.jasper.servlet.JspServlet.serviceJspFile(JspServlet.java:376)
		at org.apache.jasper.servlet.JspServlet.service(JspServlet.java:324)
		at javax.servlet.http.HttpServlet.service(HttpServlet.java:623)
		at org.apache.catalina.core.ApplicationFilterChain.internalDoFilter(ApplicationFilterChain.java:199)
		at org.apache.catalina.core.ApplicationFilterChain.doFilter(ApplicationFilterChain.java:144)
		at org.apache.catalina.core.ApplicationDispatcher.invoke(ApplicationDispatcher.java:642)
		at org.apache.catalina.core.ApplicationDispatcher.doInclude(ApplicationDispatcher.java:518)
		at org.apache.catalina.core.ApplicationDispatcher.include(ApplicationDispatcher.java:461)
		at org.apache.jasper.runtime.JspRuntimeLibrary.include(JspRuntimeLibrary.java:994)
		at org.apache.jsp.index_jsp._jspService(index_jsp.java:764)
		at org.apache.jasper.runtime.HttpJspBase.service(HttpJspBase.java:67)
		at javax.servlet.http.HttpServlet.service(HttpServlet.java:623)
		at org.apache.jasper.servlet.JspServletWrapper.service(JspServletWrapper.java:466)
		at org.apache.jasper.servlet.JspServlet.serviceJspFile(JspServlet.java:376)
		at org.apache.jasper.servlet.JspServlet.service(JspServlet.java:324)
		at javax.servlet.http.HttpServlet.service(HttpServlet.java:623)
		at org.apache.catalina.core.ApplicationFilterChain.internalDoFilter(ApplicationFilterChain.java:199)
		at org.apache.catalina.core.ApplicationFilterChain.doFilter(ApplicationFilterChain.java:144)
		at org.apache.tomcat.websocket.server.WsFilter.doFilter(WsFilter.java:51)
		at org.apache.catalina.core.ApplicationFilterChain.internalDoFilter(ApplicationFilterChain.java:168)
		at org.apache.catalina.core.ApplicationFilterChain.doFilter(ApplicationFilterChain.java:144)
		at org.apache.catalina.core.StandardWrapperValve.invoke(StandardWrapperValve.java:168)
		at org.apache.catalina.core.StandardContextValve.invoke(StandardContextValve.java:90)
		at org.apache.catalina.authenticator.AuthenticatorBase.invoke(AuthenticatorBase.java:482)
		at org.apache.catalina.core.StandardHostValve.invoke(StandardHostValve.java:130)
		at org.apache.catalina.valves.ErrorReportValve.invoke(ErrorReportValve.java:93)
		at org.apache.catalina.valves.AbstractAccessLogValve.invoke(AbstractAccessLogValve.java:660)
		at org.apache.catalina.core.StandardEngineValve.invoke(StandardEngineValve.java:74)
		at org.apache.catalina.connector.CoyoteAdapter.service(CoyoteAdapter.java:346)
		at org.apache.coyote.http11.Http11Processor.service(Http11Processor.java:396)
		at org.apache.coyote.AbstractProcessorLight.process(AbstractProcessorLight.java:63)
		at org.apache.coyote.AbstractProtocol$ConnectionHandler.process(AbstractProtocol.java:937)
		at org.apache.tomcat.util.net.NioEndpoint$SocketProcessor.doRun(NioEndpoint.java:1791)
		at org.apache.tomcat.util.net.SocketProcessorBase.run(SocketProcessorBase.java:52)
		at org.apache.tomcat.util.threads.ThreadPoolExecutor.runWorker(ThreadPoolExecutor.java:1190)
		at org.apache.tomcat.util.threads.ThreadPoolExecutor$Worker.run(ThreadPoolExecutor.java:659)
		at org.apache.tomcat.util.threads.TaskThread$WrappingRunnable.run(TaskThread.java:63)
		at java.base/java.lang.Thread.run(Thread.java:1575)
31-May-2026 11:02:22.781 SEVERE [http-nio-8082-exec-9] org.apache.catalina.core.StandardWrapperValve.invoke Servlet.service() for servlet [jsp] in context with path [] threw exception [Unable to compile class for JSP: 

An error occurred at line: [520] in the jsp file: [/individualDashboard.jsp]
counter cannot be resolved to a variable
517:         %>
518:         </table>
519: 
520:         <% if (counter == 1) { %>
521:             <style>
522:                 .task-table { display: none; }
523:                 .empty-state-card {


Stacktrace:] with root cause
	org.apache.jasper.JasperException: Unable to compile class for JSP: 

An error occurred at line: [520] in the jsp file: [/individualDashboard.jsp]
counter cannot be resolved to a variable
517:         %>
518:         </table>
519: 
520:         <% if (counter == 1) { %>
521:             <style>
522:                 .task-table { display: none; }
523:                 .empty-state-card {


Stacktrace:
		at org.apache.jasper.compiler.DefaultErrorHandler.javacError(DefaultErrorHandler.java:72)
		at org.apache.jasper.compiler.ErrorDispatcher.javacError(ErrorDispatcher.java:192)
		at org.apache.jasper.compiler.JDTCompiler.generateClass(JDTCompiler.java:542)
		at org.apache.jasper.compiler.Compiler.compile(Compiler.java:371)
		at org.apache.jasper.compiler.Compiler.compile(Compiler.java:343)
		at org.apache.jasper.compiler.Compiler.compile(Compiler.java:329)
		at org.apache.jasper.JspCompilationContext.compile(JspCompilationContext.java:603)
		at org.apache.jasper.servlet.JspServletWrapper.service(JspServletWrapper.java:399)
		at org.apache.jasper.servlet.JspServlet.serviceJspFile(JspServlet.java:376)
		at org.apache.jasper.servlet.JspServlet.service(JspServlet.java:324)
		at javax.servlet.http.HttpServlet.service(HttpServlet.java:623)
		at org.apache.catalina.core.ApplicationFilterChain.internalDoFilter(ApplicationFilterChain.java:199)
		at org.apache.catalina.core.ApplicationFilterChain.doFilter(ApplicationFilterChain.java:144)
		at org.apache.catalina.core.ApplicationDispatcher.invoke(ApplicationDispatcher.java:642)
		at org.apache.catalina.core.ApplicationDispatcher.doInclude(ApplicationDispatcher.java:518)
		at org.apache.catalina.core.ApplicationDispatcher.include(ApplicationDispatcher.java:461)
		at org.apache.jasper.runtime.JspRuntimeLibrary.include(JspRuntimeLibrary.java:994)
		at org.apache.jsp.index_jsp._jspService(index_jsp.java:764)
		at org.apache.jasper.runtime.HttpJspBase.service(HttpJspBase.java:67)
		at javax.servlet.http.HttpServlet.service(HttpServlet.java:623)
		at org.apache.jasper.servlet.JspServletWrapper.service(JspServletWrapper.java:466)
		at org.apache.jasper.servlet.JspServlet.serviceJspFile(JspServlet.java:376)
		at org.apache.jasper.servlet.JspServlet.service(JspServlet.java:324)
		at javax.servlet.http.HttpServlet.service(HttpServlet.java:623)
		at org.apache.catalina.core.ApplicationFilterChain.internalDoFilter(ApplicationFilterChain.java:199)
		at org.apache.catalina.core.ApplicationFilterChain.doFilter(ApplicationFilterChain.java:144)
		at org.apache.tomcat.websocket.server.WsFilter.doFilter(WsFilter.java:51)
		at org.apache.catalina.core.ApplicationFilterChain.internalDoFilter(ApplicationFilterChain.java:168)
		at org.apache.catalina.core.ApplicationFilterChain.doFilter(ApplicationFilterChain.java:144)
		at org.apache.catalina.core.StandardWrapperValve.invoke(StandardWrapperValve.java:168)
		at org.apache.catalina.core.StandardContextValve.invoke(StandardContextValve.java:90)
		at org.apache.catalina.authenticator.AuthenticatorBase.invoke(AuthenticatorBase.java:482)
		at org.apache.catalina.core.StandardHostValve.invoke(StandardHostValve.java:130)
		at org.apache.catalina.valves.ErrorReportValve.invoke(ErrorReportValve.java:93)
		at org.apache.catalina.valves.AbstractAccessLogValve.invoke(AbstractAccessLogValve.java:660)
		at org.apache.catalina.core.StandardEngineValve.invoke(StandardEngineValve.java:74)
		at org.apache.catalina.connector.CoyoteAdapter.service(CoyoteAdapter.java:346)
		at org.apache.coyote.http11.Http11Processor.service(Http11Processor.java:396)
		at org.apache.coyote.AbstractProcessorLight.process(AbstractProcessorLight.java:63)
		at org.apache.coyote.AbstractProtocol$ConnectionHandler.process(AbstractProtocol.java:937)
		at org.apache.tomcat.util.net.NioEndpoint$SocketProcessor.doRun(NioEndpoint.java:1791)
		at org.apache.tomcat.util.net.SocketProcessorBase.run(SocketProcessorBase.java:52)
		at org.apache.tomcat.util.threads.ThreadPoolExecutor.runWorker(ThreadPoolExecutor.java:1190)
		at org.apache.tomcat.util.threads.ThreadPoolExecutor$Worker.run(ThreadPoolExecutor.java:659)
		at org.apache.tomcat.util.threads.TaskThread$WrappingRunnable.run(TaskThread.java:63)
		at java.base/java.lang.Thread.run(Thread.java:1575)
31-May-2026 11:02:23.674 SEVERE [http-nio-8082-exec-10] org.apache.catalina.core.ApplicationDispatcher.invoke Servlet.service() for servlet [jsp] threw exception
	java.lang.ClassNotFoundException: org.apache.jsp.individualDashboard_jsp
		at java.base/java.net.URLClassLoader.findClass(URLClassLoader.java:445)
		at org.apache.jasper.servlet.JasperLoader.loadClass(JasperLoader.java:129)
		at org.apache.jasper.servlet.JasperLoader.loadClass(JasperLoader.java:58)
		at org.apache.catalina.core.DefaultInstanceManager.newInstance(DefaultInstanceManager.java:150)
		at org.apache.jasper.servlet.JspServletWrapper.getServlet(JspServletWrapper.java:192)
		at org.apache.jasper.servlet.JspServletWrapper.service(JspServletWrapper.java:413)
		at org.apache.jasper.servlet.JspServlet.serviceJspFile(JspServlet.java:376)
		at org.apache.jasper.servlet.JspServlet.service(JspServlet.java:324)
		at javax.servlet.http.HttpServlet.service(HttpServlet.java:623)
		at org.apache.catalina.core.ApplicationFilterChain.internalDoFilter(ApplicationFilterChain.java:199)
		at org.apache.catalina.core.ApplicationFilterChain.doFilter(ApplicationFilterChain.java:144)
		at org.apache.catalina.core.ApplicationDispatcher.invoke(ApplicationDispatcher.java:642)
		at org.apache.catalina.core.ApplicationDispatcher.doInclude(ApplicationDispatcher.java:518)
		at org.apache.catalina.core.ApplicationDispatcher.include(ApplicationDispatcher.java:461)
		at org.apache.jasper.runtime.JspRuntimeLibrary.include(JspRuntimeLibrary.java:994)
		at org.apache.jsp.index_jsp._jspService(index_jsp.java:764)
		at org.apache.jasper.runtime.HttpJspBase.service(HttpJspBase.java:67)
		at javax.servlet.http.HttpServlet.service(HttpServlet.java:623)
		at org.apache.jasper.servlet.JspServletWrapper.service(JspServletWrapper.java:466)
		at org.apache.jasper.servlet.JspServlet.serviceJspFile(JspServlet.java:376)
		at org.apache.jasper.servlet.JspServlet.service(JspServlet.java:324)
		at javax.servlet.http.HttpServlet.service(HttpServlet.java:623)
		at org.apache.catalina.core.ApplicationFilterChain.internalDoFilter(ApplicationFilterChain.java:199)
		at org.apache.catalina.core.ApplicationFilterChain.doFilter(ApplicationFilterChain.java:144)
		at org.apache.tomcat.websocket.server.WsFilter.doFilter(WsFilter.java:51)
		at org.apache.catalina.core.ApplicationFilterChain.internalDoFilter(ApplicationFilterChain.java:168)
		at org.apache.catalina.core.ApplicationFilterChain.doFilter(ApplicationFilterChain.java:144)
		at org.apache.catalina.core.StandardWrapperValve.invoke(StandardWrapperValve.java:168)
		at org.apache.catalina.core.StandardContextValve.invoke(StandardContextValve.java:90)
		at org.apache.catalina.authenticator.AuthenticatorBase.invoke(AuthenticatorBase.java:482)
		at org.apache.catalina.core.StandardHostValve.invoke(StandardHostValve.java:130)
		at org.apache.catalina.valves.ErrorReportValve.invoke(ErrorReportValve.java:93)
		at org.apache.catalina.valves.AbstractAccessLogValve.invoke(AbstractAccessLogValve.java:660)
		at org.apache.catalina.core.StandardEngineValve.invoke(StandardEngineValve.java:74)
		at org.apache.catalina.connector.CoyoteAdapter.service(CoyoteAdapter.java:346)
		at org.apache.coyote.http11.Http11Processor.service(Http11Processor.java:396)
		at org.apache.coyote.AbstractProcessorLight.process(AbstractProcessorLight.java:63)
		at org.apache.coyote.AbstractProtocol$ConnectionHandler.process(AbstractProtocol.java:937)
		at org.apache.tomcat.util.net.NioEndpoint$SocketProcessor.doRun(NioEndpoint.java:1791)
		at org.apache.tomcat.util.net.SocketProcessorBase.run(SocketProcessorBase.java:52)
		at org.apache.tomcat.util.threads.ThreadPoolExecutor.runWorker(ThreadPoolExecutor.java:1190)
		at org.apache.tomcat.util.threads.ThreadPoolExecutor$Worker.run(ThreadPoolExecutor.java:659)
		at org.apache.tomcat.util.threads.TaskThread$WrappingRunnable.run(TaskThread.java:63)
		at java.base/java.lang.Thread.run(Thread.java:1575)
31-May-2026 11:02:23.675 SEVERE [http-nio-8082-exec-10] org.apache.catalina.core.StandardWrapperValve.invoke Servlet.service() for servlet [jsp] in context with path [] threw exception [An exception occurred processing [/index.jsp] at line [614]

611:         <%
612:             if ("individual".equals(currentPage)) {
613:         %>
614:             <jsp:include page="individualDashboard.jsp" />
615:         <%
616:             } else if ("group".equals(currentPage)) {
617:         %>


Stacktrace:] with root cause
	java.lang.ClassNotFoundException: org.apache.jsp.individualDashboard_jsp
		at java.base/java.net.URLClassLoader.findClass(URLClassLoader.java:445)
		at org.apache.jasper.servlet.JasperLoader.loadClass(JasperLoader.java:129)
		at org.apache.jasper.servlet.JasperLoader.loadClass(JasperLoader.java:58)
		at org.apache.catalina.core.DefaultInstanceManager.newInstance(DefaultInstanceManager.java:150)
		at org.apache.jasper.servlet.JspServletWrapper.getServlet(JspServletWrapper.java:192)
		at org.apache.jasper.servlet.JspServletWrapper.service(JspServletWrapper.java:413)
		at org.apache.jasper.servlet.JspServlet.serviceJspFile(JspServlet.java:376)
		at org.apache.jasper.servlet.JspServlet.service(JspServlet.java:324)
		at javax.servlet.http.HttpServlet.service(HttpServlet.java:623)
		at org.apache.catalina.core.ApplicationFilterChain.internalDoFilter(ApplicationFilterChain.java:199)
		at org.apache.catalina.core.ApplicationFilterChain.doFilter(ApplicationFilterChain.java:144)
		at org.apache.catalina.core.ApplicationDispatcher.invoke(ApplicationDispatcher.java:642)
		at org.apache.catalina.core.ApplicationDispatcher.doInclude(ApplicationDispatcher.java:518)
		at org.apache.catalina.core.ApplicationDispatcher.include(ApplicationDispatcher.java:461)
		at org.apache.jasper.runtime.JspRuntimeLibrary.include(JspRuntimeLibrary.java:994)
		at org.apache.jsp.index_jsp._jspService(index_jsp.java:764)
		at org.apache.jasper.runtime.HttpJspBase.service(HttpJspBase.java:67)
		at javax.servlet.http.HttpServlet.service(HttpServlet.java:623)
		at org.apache.jasper.servlet.JspServletWrapper.service(JspServletWrapper.java:466)
		at org.apache.jasper.servlet.JspServlet.serviceJspFile(JspServlet.java:376)
		at org.apache.jasper.servlet.JspServlet.service(JspServlet.java:324)
		at javax.servlet.http.HttpServlet.service(HttpServlet.java:623)
		at org.apache.catalina.core.ApplicationFilterChain.internalDoFilter(ApplicationFilterChain.java:199)
		at org.apache.catalina.core.ApplicationFilterChain.doFilter(ApplicationFilterChain.java:144)
		at org.apache.tomcat.websocket.server.WsFilter.doFilter(WsFilter.java:51)
		at org.apache.catalina.core.ApplicationFilterChain.internalDoFilter(ApplicationFilterChain.java:168)
		at org.apache.catalina.core.ApplicationFilterChain.doFilter(ApplicationFilterChain.java:144)
		at org.apache.catalina.core.StandardWrapperValve.invoke(StandardWrapperValve.java:168)
		at org.apache.catalina.core.StandardContextValve.invoke(StandardContextValve.java:90)
		at org.apache.catalina.authenticator.AuthenticatorBase.invoke(AuthenticatorBase.java:482)
		at org.apache.catalina.core.StandardHostValve.invoke(StandardHostValve.java:130)
		at org.apache.catalina.valves.ErrorReportValve.invoke(ErrorReportValve.java:93)
		at org.apache.catalina.valves.AbstractAccessLogValve.invoke(AbstractAccessLogValve.java:660)
		at org.apache.catalina.core.StandardEngineValve.invoke(StandardEngineValve.java:74)
		at org.apache.catalina.connector.CoyoteAdapter.service(CoyoteAdapter.java:346)
		at org.apache.coyote.http11.Http11Processor.service(Http11Processor.java:396)
		at org.apache.coyote.AbstractProcessorLight.process(AbstractProcessorLight.java:63)
		at org.apache.coyote.AbstractProtocol$ConnectionHandler.process(AbstractProtocol.java:937)
		at org.apache.tomcat.util.net.NioEndpoint$SocketProcessor.doRun(NioEndpoint.java:1791)
		at org.apache.tomcat.util.net.SocketProcessorBase.run(SocketProcessorBase.java:52)
		at org.apache.tomcat.util.threads.ThreadPoolExecutor.runWorker(ThreadPoolExecutor.java:1190)
		at org.apache.tomcat.util.threads.ThreadPoolExecutor$Worker.run(ThreadPoolExecutor.java:659)
		at org.apache.tomcat.util.threads.TaskThread$WrappingRunnable.run(TaskThread.java:63)
		at java.base/java.lang.Thread.run(Thread.java:1575)
31-May-2026 11:03:01.015 SEVERE [http-nio-8082-exec-1] org.apache.catalina.core.ApplicationDispatcher.invoke Servlet.service() for servlet [jsp] threw exception
	org.apache.jasper.JasperException: Unable to compile class for JSP: 

An error occurred at line: [520] in the jsp file: [/individualDashboard.jsp]
counter cannot be resolved to a variable
517:         %>
518:         </table>
519: 
520:         <% if (counter == 1) { %>
521:             <style>
522:                 .task-table { display: none; }
523:                 .empty-state-card {


Stacktrace:
		at org.apache.jasper.compiler.DefaultErrorHandler.javacError(DefaultErrorHandler.java:72)
		at org.apache.jasper.compiler.ErrorDispatcher.javacError(ErrorDispatcher.java:192)
		at org.apache.jasper.compiler.JDTCompiler.generateClass(JDTCompiler.java:542)
		at org.apache.jasper.compiler.Compiler.compile(Compiler.java:371)
		at org.apache.jasper.compiler.Compiler.compile(Compiler.java:343)
		at org.apache.jasper.compiler.Compiler.compile(Compiler.java:329)
		at org.apache.jasper.JspCompilationContext.compile(JspCompilationContext.java:603)
		at org.apache.jasper.servlet.JspServletWrapper.service(JspServletWrapper.java:399)
		at org.apache.jasper.servlet.JspServlet.serviceJspFile(JspServlet.java:376)
		at org.apache.jasper.servlet.JspServlet.service(JspServlet.java:324)
		at javax.servlet.http.HttpServlet.service(HttpServlet.java:623)
		at org.apache.catalina.core.ApplicationFilterChain.internalDoFilter(ApplicationFilterChain.java:199)
		at org.apache.catalina.core.ApplicationFilterChain.doFilter(ApplicationFilterChain.java:144)
		at org.apache.catalina.core.ApplicationDispatcher.invoke(ApplicationDispatcher.java:642)
		at org.apache.catalina.core.ApplicationDispatcher.doInclude(ApplicationDispatcher.java:518)
		at org.apache.catalina.core.ApplicationDispatcher.include(ApplicationDispatcher.java:461)
		at org.apache.jasper.runtime.JspRuntimeLibrary.include(JspRuntimeLibrary.java:994)
		at org.apache.jsp.index_jsp._jspService(index_jsp.java:764)
		at org.apache.jasper.runtime.HttpJspBase.service(HttpJspBase.java:67)
		at javax.servlet.http.HttpServlet.service(HttpServlet.java:623)
		at org.apache.jasper.servlet.JspServletWrapper.service(JspServletWrapper.java:466)
		at org.apache.jasper.servlet.JspServlet.serviceJspFile(JspServlet.java:376)
		at org.apache.jasper.servlet.JspServlet.service(JspServlet.java:324)
		at javax.servlet.http.HttpServlet.service(HttpServlet.java:623)
		at org.apache.catalina.core.ApplicationFilterChain.internalDoFilter(ApplicationFilterChain.java:199)
		at org.apache.catalina.core.ApplicationFilterChain.doFilter(ApplicationFilterChain.java:144)
		at org.apache.tomcat.websocket.server.WsFilter.doFilter(WsFilter.java:51)
		at org.apache.catalina.core.ApplicationFilterChain.internalDoFilter(ApplicationFilterChain.java:168)
		at org.apache.catalina.core.ApplicationFilterChain.doFilter(ApplicationFilterChain.java:144)
		at org.apache.catalina.core.StandardWrapperValve.invoke(StandardWrapperValve.java:168)
		at org.apache.catalina.core.StandardContextValve.invoke(StandardContextValve.java:90)
		at org.apache.catalina.authenticator.AuthenticatorBase.invoke(AuthenticatorBase.java:482)
		at org.apache.catalina.core.StandardHostValve.invoke(StandardHostValve.java:130)
		at org.apache.catalina.valves.ErrorReportValve.invoke(ErrorReportValve.java:93)
		at org.apache.catalina.valves.AbstractAccessLogValve.invoke(AbstractAccessLogValve.java:660)
		at org.apache.catalina.core.StandardEngineValve.invoke(StandardEngineValve.java:74)
		at org.apache.catalina.connector.CoyoteAdapter.service(CoyoteAdapter.java:346)
		at org.apache.coyote.http11.Http11Processor.service(Http11Processor.java:396)
		at org.apache.coyote.AbstractProcessorLight.process(AbstractProcessorLight.java:63)
		at org.apache.coyote.AbstractProtocol$ConnectionHandler.process(AbstractProtocol.java:937)
		at org.apache.tomcat.util.net.NioEndpoint$SocketProcessor.doRun(NioEndpoint.java:1791)
		at org.apache.tomcat.util.net.SocketProcessorBase.run(SocketProcessorBase.java:52)
		at org.apache.tomcat.util.threads.ThreadPoolExecutor.runWorker(ThreadPoolExecutor.java:1190)
		at org.apache.tomcat.util.threads.ThreadPoolExecutor$Worker.run(ThreadPoolExecutor.java:659)
		at org.apache.tomcat.util.threads.TaskThread$WrappingRunnable.run(TaskThread.java:63)
		at java.base/java.lang.Thread.run(Thread.java:1575)
31-May-2026 11:03:01.015 SEVERE [http-nio-8082-exec-1] org.apache.catalina.core.StandardWrapperValve.invoke Servlet.service() for servlet [jsp] in context with path [] threw exception [Unable to compile class for JSP: 

An error occurred at line: [520] in the jsp file: [/individualDashboard.jsp]
counter cannot be resolved to a variable
517:         %>
518:         </table>
519: 
520:         <% if (counter == 1) { %>
521:             <style>
522:                 .task-table { display: none; }
523:                 .empty-state-card {


Stacktrace:] with root cause
	org.apache.jasper.JasperException: Unable to compile class for JSP: 

An error occurred at line: [520] in the jsp file: [/individualDashboard.jsp]
counter cannot be resolved to a variable
517:         %>
518:         </table>
519: 
520:         <% if (counter == 1) { %>
521:             <style>
522:                 .task-table { display: none; }
523:                 .empty-state-card {


Stacktrace:
		at org.apache.jasper.compiler.DefaultErrorHandler.javacError(DefaultErrorHandler.java:72)
		at org.apache.jasper.compiler.ErrorDispatcher.javacError(ErrorDispatcher.java:192)
		at org.apache.jasper.compiler.JDTCompiler.generateClass(JDTCompiler.java:542)
		at org.apache.jasper.compiler.Compiler.compile(Compiler.java:371)
		at org.apache.jasper.compiler.Compiler.compile(Compiler.java:343)
		at org.apache.jasper.compiler.Compiler.compile(Compiler.java:329)
		at org.apache.jasper.JspCompilationContext.compile(JspCompilationContext.java:603)
		at org.apache.jasper.servlet.JspServletWrapper.service(JspServletWrapper.java:399)
		at org.apache.jasper.servlet.JspServlet.serviceJspFile(JspServlet.java:376)
		at org.apache.jasper.servlet.JspServlet.service(JspServlet.java:324)
		at javax.servlet.http.HttpServlet.service(HttpServlet.java:623)
		at org.apache.catalina.core.ApplicationFilterChain.internalDoFilter(ApplicationFilterChain.java:199)
		at org.apache.catalina.core.ApplicationFilterChain.doFilter(ApplicationFilterChain.java:144)
		at org.apache.catalina.core.ApplicationDispatcher.invoke(ApplicationDispatcher.java:642)
		at org.apache.catalina.core.ApplicationDispatcher.doInclude(ApplicationDispatcher.java:518)
		at org.apache.catalina.core.ApplicationDispatcher.include(ApplicationDispatcher.java:461)
		at org.apache.jasper.runtime.JspRuntimeLibrary.include(JspRuntimeLibrary.java:994)
		at org.apache.jsp.index_jsp._jspService(index_jsp.java:764)
		at org.apache.jasper.runtime.HttpJspBase.service(HttpJspBase.java:67)
		at javax.servlet.http.HttpServlet.service(HttpServlet.java:623)
		at org.apache.jasper.servlet.JspServletWrapper.service(JspServletWrapper.java:466)
		at org.apache.jasper.servlet.JspServlet.serviceJspFile(JspServlet.java:376)
		at org.apache.jasper.servlet.JspServlet.service(JspServlet.java:324)
		at javax.servlet.http.HttpServlet.service(HttpServlet.java:623)
		at org.apache.catalina.core.ApplicationFilterChain.internalDoFilter(ApplicationFilterChain.java:199)
		at org.apache.catalina.core.ApplicationFilterChain.doFilter(ApplicationFilterChain.java:144)
		at org.apache.tomcat.websocket.server.WsFilter.doFilter(WsFilter.java:51)
		at org.apache.catalina.core.ApplicationFilterChain.internalDoFilter(ApplicationFilterChain.java:168)
		at org.apache.catalina.core.ApplicationFilterChain.doFilter(ApplicationFilterChain.java:144)
		at org.apache.catalina.core.StandardWrapperValve.invoke(StandardWrapperValve.java:168)
		at org.apache.catalina.core.StandardContextValve.invoke(StandardContextValve.java:90)
		at org.apache.catalina.authenticator.AuthenticatorBase.invoke(AuthenticatorBase.java:482)
		at org.apache.catalina.core.StandardHostValve.invoke(StandardHostValve.java:130)
		at org.apache.catalina.valves.ErrorReportValve.invoke(ErrorReportValve.java:93)
		at org.apache.catalina.valves.AbstractAccessLogValve.invoke(AbstractAccessLogValve.java:660)
		at org.apache.catalina.core.StandardEngineValve.invoke(StandardEngineValve.java:74)
		at org.apache.catalina.connector.CoyoteAdapter.service(CoyoteAdapter.java:346)
		at org.apache.coyote.http11.Http11Processor.service(Http11Processor.java:396)
		at org.apache.coyote.AbstractProcessorLight.process(AbstractProcessorLight.java:63)
		at org.apache.coyote.AbstractProtocol$ConnectionHandler.process(AbstractProtocol.java:937)
		at org.apache.tomcat.util.net.NioEndpoint$SocketProcessor.doRun(NioEndpoint.java:1791)
		at org.apache.tomcat.util.net.SocketProcessorBase.run(SocketProcessorBase.java:52)
		at org.apache.tomcat.util.threads.ThreadPoolExecutor.runWorker(ThreadPoolExecutor.java:1190)
		at org.apache.tomcat.util.threads.ThreadPoolExecutor$Worker.run(ThreadPoolExecutor.java:659)
		at org.apache.tomcat.util.threads.TaskThread$WrappingRunnable.run(TaskThread.java:63)
		at java.base/java.lang.Thread.run(Thread.java:1575)
31-May-2026 11:03:01.066 SEVERE [http-nio-8082-exec-3] org.apache.catalina.core.ApplicationDispatcher.invoke Servlet.service() for servlet [jsp] threw exception
	java.lang.ClassNotFoundException: org.apache.jsp.individualDashboard_jsp
		at java.base/java.net.URLClassLoader.findClass(URLClassLoader.java:445)
		at org.apache.jasper.servlet.JasperLoader.loadClass(JasperLoader.java:129)
		at org.apache.jasper.servlet.JasperLoader.loadClass(JasperLoader.java:58)
		at org.apache.catalina.core.DefaultInstanceManager.newInstance(DefaultInstanceManager.java:150)
		at org.apache.jasper.servlet.JspServletWrapper.getServlet(JspServletWrapper.java:192)
		at org.apache.jasper.servlet.JspServletWrapper.service(JspServletWrapper.java:413)
		at org.apache.jasper.servlet.JspServlet.serviceJspFile(JspServlet.java:376)
		at org.apache.jasper.servlet.JspServlet.service(JspServlet.java:324)
		at javax.servlet.http.HttpServlet.service(HttpServlet.java:623)
		at org.apache.catalina.core.ApplicationFilterChain.internalDoFilter(ApplicationFilterChain.java:199)
		at org.apache.catalina.core.ApplicationFilterChain.doFilter(ApplicationFilterChain.java:144)
		at org.apache.catalina.core.ApplicationDispatcher.invoke(ApplicationDispatcher.java:642)
		at org.apache.catalina.core.ApplicationDispatcher.doInclude(ApplicationDispatcher.java:518)
		at org.apache.catalina.core.ApplicationDispatcher.include(ApplicationDispatcher.java:461)
		at org.apache.jasper.runtime.JspRuntimeLibrary.include(JspRuntimeLibrary.java:994)
		at org.apache.jsp.index_jsp._jspService(index_jsp.java:764)
		at org.apache.jasper.runtime.HttpJspBase.service(HttpJspBase.java:67)
		at javax.servlet.http.HttpServlet.service(HttpServlet.java:623)
		at org.apache.jasper.servlet.JspServletWrapper.service(JspServletWrapper.java:466)
		at org.apache.jasper.servlet.JspServlet.serviceJspFile(JspServlet.java:376)
		at org.apache.jasper.servlet.JspServlet.service(JspServlet.java:324)
		at javax.servlet.http.HttpServlet.service(HttpServlet.java:623)
		at org.apache.catalina.core.ApplicationFilterChain.internalDoFilter(ApplicationFilterChain.java:199)
		at org.apache.catalina.core.ApplicationFilterChain.doFilter(ApplicationFilterChain.java:144)
		at org.apache.tomcat.websocket.server.WsFilter.doFilter(WsFilter.java:51)
		at org.apache.catalina.core.ApplicationFilterChain.internalDoFilter(ApplicationFilterChain.java:168)
		at org.apache.catalina.core.ApplicationFilterChain.doFilter(ApplicationFilterChain.java:144)
		at org.apache.catalina.core.StandardWrapperValve.invoke(StandardWrapperValve.java:168)
		at org.apache.catalina.core.StandardContextValve.invoke(StandardContextValve.java:90)
		at org.apache.catalina.authenticator.AuthenticatorBase.invoke(AuthenticatorBase.java:482)
		at org.apache.catalina.core.StandardHostValve.invoke(StandardHostValve.java:130)
		at org.apache.catalina.valves.ErrorReportValve.invoke(ErrorReportValve.java:93)
		at org.apache.catalina.valves.AbstractAccessLogValve.invoke(AbstractAccessLogValve.java:660)
		at org.apache.catalina.core.StandardEngineValve.invoke(StandardEngineValve.java:74)
		at org.apache.catalina.connector.CoyoteAdapter.service(CoyoteAdapter.java:346)
		at org.apache.coyote.http11.Http11Processor.service(Http11Processor.java:396)
		at org.apache.coyote.AbstractProcessorLight.process(AbstractProcessorLight.java:63)
		at org.apache.coyote.AbstractProtocol$ConnectionHandler.process(AbstractProtocol.java:937)
		at org.apache.tomcat.util.net.NioEndpoint$SocketProcessor.doRun(NioEndpoint.java:1791)
		at org.apache.tomcat.util.net.SocketProcessorBase.run(SocketProcessorBase.java:52)
		at org.apache.tomcat.util.threads.ThreadPoolExecutor.runWorker(ThreadPoolExecutor.java:1190)
		at org.apache.tomcat.util.threads.ThreadPoolExecutor$Worker.run(ThreadPoolExecutor.java:659)
		at org.apache.tomcat.util.threads.TaskThread$WrappingRunnable.run(TaskThread.java:63)
		at java.base/java.lang.Thread.run(Thread.java:1575)
31-May-2026 11:03:01.068 SEVERE [http-nio-8082-exec-3] org.apache.catalina.core.StandardWrapperValve.invoke Servlet.service() for servlet [jsp] in context with path [] threw exception [An exception occurred processing [/index.jsp] at line [614]

611:         <%
612:             if ("individual".equals(currentPage)) {
613:         %>
614:             <jsp:include page="individualDashboard.jsp" />
615:         <%
616:             } else if ("group".equals(currentPage)) {
617:         %>


Stacktrace:] with root cause
	java.lang.ClassNotFoundException: org.apache.jsp.individualDashboard_jsp
		at java.base/java.net.URLClassLoader.findClass(URLClassLoader.java:445)
		at org.apache.jasper.servlet.JasperLoader.loadClass(JasperLoader.java:129)
		at org.apache.jasper.servlet.JasperLoader.loadClass(JasperLoader.java:58)
		at org.apache.catalina.core.DefaultInstanceManager.newInstance(DefaultInstanceManager.java:150)
		at org.apache.jasper.servlet.JspServletWrapper.getServlet(JspServletWrapper.java:192)
		at org.apache.jasper.servlet.JspServletWrapper.service(JspServletWrapper.java:413)
		at org.apache.jasper.servlet.JspServlet.serviceJspFile(JspServlet.java:376)
		at org.apache.jasper.servlet.JspServlet.service(JspServlet.java:324)
		at javax.servlet.http.HttpServlet.service(HttpServlet.java:623)
		at org.apache.catalina.core.ApplicationFilterChain.internalDoFilter(ApplicationFilterChain.java:199)
		at org.apache.catalina.core.ApplicationFilterChain.doFilter(ApplicationFilterChain.java:144)
		at org.apache.catalina.core.ApplicationDispatcher.invoke(ApplicationDispatcher.java:642)
		at org.apache.catalina.core.ApplicationDispatcher.doInclude(ApplicationDispatcher.java:518)
		at org.apache.catalina.core.ApplicationDispatcher.include(ApplicationDispatcher.java:461)
		at org.apache.jasper.runtime.JspRuntimeLibrary.include(JspRuntimeLibrary.java:994)
		at org.apache.jsp.index_jsp._jspService(index_jsp.java:764)
		at org.apache.jasper.runtime.HttpJspBase.service(HttpJspBase.java:67)
		at javax.servlet.http.HttpServlet.service(HttpServlet.java:623)
		at org.apache.jasper.servlet.JspServletWrapper.service(JspServletWrapper.java:466)
		at org.apache.jasper.servlet.JspServlet.serviceJspFile(JspServlet.java:376)
		at org.apache.jasper.servlet.JspServlet.service(JspServlet.java:324)
		at javax.servlet.http.HttpServlet.service(HttpServlet.java:623)
		at org.apache.catalina.core.ApplicationFilterChain.internalDoFilter(ApplicationFilterChain.java:199)
		at org.apache.catalina.core.ApplicationFilterChain.doFilter(ApplicationFilterChain.java:144)
		at org.apache.tomcat.websocket.server.WsFilter.doFilter(WsFilter.java:51)
		at org.apache.catalina.core.ApplicationFilterChain.internalDoFilter(ApplicationFilterChain.java:168)
		at org.apache.catalina.core.ApplicationFilterChain.doFilter(ApplicationFilterChain.java:144)
		at org.apache.catalina.core.StandardWrapperValve.invoke(StandardWrapperValve.java:168)
		at org.apache.catalina.core.StandardContextValve.invoke(StandardContextValve.java:90)
		at org.apache.catalina.authenticator.AuthenticatorBase.invoke(AuthenticatorBase.java:482)
		at org.apache.catalina.core.StandardHostValve.invoke(StandardHostValve.java:130)
		at org.apache.catalina.valves.ErrorReportValve.invoke(ErrorReportValve.java:93)
		at org.apache.catalina.valves.AbstractAccessLogValve.invoke(AbstractAccessLogValve.java:660)
		at org.apache.catalina.core.StandardEngineValve.invoke(StandardEngineValve.java:74)
		at org.apache.catalina.connector.CoyoteAdapter.service(CoyoteAdapter.java:346)
		at org.apache.coyote.http11.Http11Processor.service(Http11Processor.java:396)
		at org.apache.coyote.AbstractProcessorLight.process(AbstractProcessorLight.java:63)
		at org.apache.coyote.AbstractProtocol$ConnectionHandler.process(AbstractProtocol.java:937)
		at org.apache.tomcat.util.net.NioEndpoint$SocketProcessor.doRun(NioEndpoint.java:1791)
		at org.apache.tomcat.util.net.SocketProcessorBase.run(SocketProcessorBase.java:52)
		at org.apache.tomcat.util.threads.ThreadPoolExecutor.runWorker(ThreadPoolExecutor.java:1190)
		at org.apache.tomcat.util.threads.ThreadPoolExecutor$Worker.run(ThreadPoolExecutor.java:659)
		at org.apache.tomcat.util.threads.TaskThread$WrappingRunnable.run(TaskThread.java:63)
		at java.base/java.lang.Thread.run(Thread.java:1575)
31-May-2026 11:03:03.412 SEVERE [http-nio-8082-exec-6] org.apache.catalina.core.ApplicationDispatcher.invoke Servlet.service() for servlet [jsp] threw exception
	java.lang.ClassNotFoundException: org.apache.jsp.individualDashboard_jsp
		at java.base/java.net.URLClassLoader.findClass(URLClassLoader.java:445)
		at org.apache.jasper.servlet.JasperLoader.loadClass(JasperLoader.java:129)
		at org.apache.jasper.servlet.JasperLoader.loadClass(JasperLoader.java:58)
		at org.apache.catalina.core.DefaultInstanceManager.newInstance(DefaultInstanceManager.java:150)
		at org.apache.jasper.servlet.JspServletWrapper.getServlet(JspServletWrapper.java:192)
		at org.apache.jasper.servlet.JspServletWrapper.service(JspServletWrapper.java:413)
		at org.apache.jasper.servlet.JspServlet.serviceJspFile(JspServlet.java:376)
		at org.apache.jasper.servlet.JspServlet.service(JspServlet.java:324)
		at javax.servlet.http.HttpServlet.service(HttpServlet.java:623)
		at org.apache.catalina.core.ApplicationFilterChain.internalDoFilter(ApplicationFilterChain.java:199)
		at org.apache.catalina.core.ApplicationFilterChain.doFilter(ApplicationFilterChain.java:144)
		at org.apache.catalina.core.ApplicationDispatcher.invoke(ApplicationDispatcher.java:642)
		at org.apache.catalina.core.ApplicationDispatcher.doInclude(ApplicationDispatcher.java:518)
		at org.apache.catalina.core.ApplicationDispatcher.include(ApplicationDispatcher.java:461)
		at org.apache.jasper.runtime.JspRuntimeLibrary.include(JspRuntimeLibrary.java:994)
		at org.apache.jsp.index_jsp._jspService(index_jsp.java:764)
		at org.apache.jasper.runtime.HttpJspBase.service(HttpJspBase.java:67)
		at javax.servlet.http.HttpServlet.service(HttpServlet.java:623)
		at org.apache.jasper.servlet.JspServletWrapper.service(JspServletWrapper.java:466)
		at org.apache.jasper.servlet.JspServlet.serviceJspFile(JspServlet.java:376)
		at org.apache.jasper.servlet.JspServlet.service(JspServlet.java:324)
		at javax.servlet.http.HttpServlet.service(HttpServlet.java:623)
		at org.apache.catalina.core.ApplicationFilterChain.internalDoFilter(ApplicationFilterChain.java:199)
		at org.apache.catalina.core.ApplicationFilterChain.doFilter(ApplicationFilterChain.java:144)
		at org.apache.tomcat.websocket.server.WsFilter.doFilter(WsFilter.java:51)
		at org.apache.catalina.core.ApplicationFilterChain.internalDoFilter(ApplicationFilterChain.java:168)
		at org.apache.catalina.core.ApplicationFilterChain.doFilter(ApplicationFilterChain.java:144)
		at org.apache.catalina.core.StandardWrapperValve.invoke(StandardWrapperValve.java:168)
		at org.apache.catalina.core.StandardContextValve.invoke(StandardContextValve.java:90)
		at org.apache.catalina.authenticator.AuthenticatorBase.invoke(AuthenticatorBase.java:482)
		at org.apache.catalina.core.StandardHostValve.invoke(StandardHostValve.java:130)
		at org.apache.catalina.valves.ErrorReportValve.invoke(ErrorReportValve.java:93)
		at org.apache.catalina.valves.AbstractAccessLogValve.invoke(AbstractAccessLogValve.java:660)
		at org.apache.catalina.core.StandardEngineValve.invoke(StandardEngineValve.java:74)
		at org.apache.catalina.connector.CoyoteAdapter.service(CoyoteAdapter.java:346)
		at org.apache.coyote.http11.Http11Processor.service(Http11Processor.java:396)
		at org.apache.coyote.AbstractProcessorLight.process(AbstractProcessorLight.java:63)
		at org.apache.coyote.AbstractProtocol$ConnectionHandler.process(AbstractProtocol.java:937)
		at org.apache.tomcat.util.net.NioEndpoint$SocketProcessor.doRun(NioEndpoint.java:1791)
		at org.apache.tomcat.util.net.SocketProcessorBase.run(SocketProcessorBase.java:52)
		at org.apache.tomcat.util.threads.ThreadPoolExecutor.runWorker(ThreadPoolExecutor.java:1190)
		at org.apache.tomcat.util.threads.ThreadPoolExecutor$Worker.run(ThreadPoolExecutor.java:659)
		at org.apache.tomcat.util.threads.TaskThread$WrappingRunnable.run(TaskThread.java:63)
		at java.base/java.lang.Thread.run(Thread.java:1575)
31-May-2026 11:03:03.415 SEVERE [http-nio-8082-exec-6] org.apache.catalina.core.StandardWrapperValve.invoke Servlet.service() for servlet [jsp] in context with path [] threw exception [An exception occurred processing [/index.jsp] at line [614]

611:         <%
612:             if ("individual".equals(currentPage)) {
613:         %>
614:             <jsp:include page="individualDashboard.jsp" />
615:         <%
616:             } else if ("group".equals(currentPage)) {
617:         %>


Stacktrace:] with root cause
	java.lang.ClassNotFoundException: org.apache.jsp.individualDashboard_jsp
		at java.base/java.net.URLClassLoader.findClass(URLClassLoader.java:445)
		at org.apache.jasper.servlet.JasperLoader.loadClass(JasperLoader.java:129)
		at org.apache.jasper.servlet.JasperLoader.loadClass(JasperLoader.java:58)
		at org.apache.catalina.core.DefaultInstanceManager.newInstance(DefaultInstanceManager.java:150)
		at org.apache.jasper.servlet.JspServletWrapper.getServlet(JspServletWrapper.java:192)
		at org.apache.jasper.servlet.JspServletWrapper.service(JspServletWrapper.java:413)
		at org.apache.jasper.servlet.JspServlet.serviceJspFile(JspServlet.java:376)
		at org.apache.jasper.servlet.JspServlet.service(JspServlet.java:324)
		at javax.servlet.http.HttpServlet.service(HttpServlet.java:623)
		at org.apache.catalina.core.ApplicationFilterChain.internalDoFilter(ApplicationFilterChain.java:199)
		at org.apache.catalina.core.ApplicationFilterChain.doFilter(ApplicationFilterChain.java:144)
		at org.apache.catalina.core.ApplicationDispatcher.invoke(ApplicationDispatcher.java:642)
		at org.apache.catalina.core.ApplicationDispatcher.doInclude(ApplicationDispatcher.java:518)
		at org.apache.catalina.core.ApplicationDispatcher.include(ApplicationDispatcher.java:461)
		at org.apache.jasper.runtime.JspRuntimeLibrary.include(JspRuntimeLibrary.java:994)
		at org.apache.jsp.index_jsp._jspService(index_jsp.java:764)
		at org.apache.jasper.runtime.HttpJspBase.service(HttpJspBase.java:67)
		at javax.servlet.http.HttpServlet.service(HttpServlet.java:623)
		at org.apache.jasper.servlet.JspServletWrapper.service(JspServletWrapper.java:466)
		at org.apache.jasper.servlet.JspServlet.serviceJspFile(JspServlet.java:376)
		at org.apache.jasper.servlet.JspServlet.service(JspServlet.java:324)
		at javax.servlet.http.HttpServlet.service(HttpServlet.java:623)
		at org.apache.catalina.core.ApplicationFilterChain.internalDoFilter(ApplicationFilterChain.java:199)
		at org.apache.catalina.core.ApplicationFilterChain.doFilter(ApplicationFilterChain.java:144)
		at org.apache.tomcat.websocket.server.WsFilter.doFilter(WsFilter.java:51)
		at org.apache.catalina.core.ApplicationFilterChain.internalDoFilter(ApplicationFilterChain.java:168)
		at org.apache.catalina.core.ApplicationFilterChain.doFilter(ApplicationFilterChain.java:144)
		at org.apache.catalina.core.StandardWrapperValve.invoke(StandardWrapperValve.java:168)
		at org.apache.catalina.core.StandardContextValve.invoke(StandardContextValve.java:90)
		at org.apache.catalina.authenticator.AuthenticatorBase.invoke(AuthenticatorBase.java:482)
		at org.apache.catalina.core.StandardHostValve.invoke(StandardHostValve.java:130)
		at org.apache.catalina.valves.ErrorReportValve.invoke(ErrorReportValve.java:93)
		at org.apache.catalina.valves.AbstractAccessLogValve.invoke(AbstractAccessLogValve.java:660)
		at org.apache.catalina.core.StandardEngineValve.invoke(StandardEngineValve.java:74)
		at org.apache.catalina.connector.CoyoteAdapter.service(CoyoteAdapter.java:346)
		at org.apache.coyote.http11.Http11Processor.service(Http11Processor.java:396)
		at org.apache.coyote.AbstractProcessorLight.process(AbstractProcessorLight.java:63)
		at org.apache.coyote.AbstractProtocol$ConnectionHandler.process(AbstractProtocol.java:937)
		at org.apache.tomcat.util.net.NioEndpoint$SocketProcessor.doRun(NioEndpoint.java:1791)
		at org.apache.tomcat.util.net.SocketProcessorBase.run(SocketProcessorBase.java:52)
		at org.apache.tomcat.util.threads.ThreadPoolExecutor.runWorker(ThreadPoolExecutor.java:1190)
		at org.apache.tomcat.util.threads.ThreadPoolExecutor$Worker.run(ThreadPoolExecutor.java:659)
		at org.apache.tomcat.util.threads.TaskThread$WrappingRunnable.run(TaskThread.java:63)
		at java.base/java.lang.Thread.run(Thread.java:1575)
31-May-2026 11:03:03.534 SEVERE [http-nio-8082-exec-5] org.apache.catalina.core.ApplicationDispatcher.invoke Servlet.service() for servlet [jsp] threw exception
	java.lang.ClassNotFoundException: org.apache.jsp.individualDashboard_jsp
		at java.base/java.net.URLClassLoader.findClass(URLClassLoader.java:445)
		at org.apache.jasper.servlet.JasperLoader.loadClass(JasperLoader.java:129)
		at org.apache.jasper.servlet.JasperLoader.loadClass(JasperLoader.java:58)
		at org.apache.catalina.core.DefaultInstanceManager.newInstance(DefaultInstanceManager.java:150)
		at org.apache.jasper.servlet.JspServletWrapper.getServlet(JspServletWrapper.java:192)
		at org.apache.jasper.servlet.JspServletWrapper.service(JspServletWrapper.java:413)
		at org.apache.jasper.servlet.JspServlet.serviceJspFile(JspServlet.java:376)
		at org.apache.jasper.servlet.JspServlet.service(JspServlet.java:324)
		at javax.servlet.http.HttpServlet.service(HttpServlet.java:623)
		at org.apache.catalina.core.ApplicationFilterChain.internalDoFilter(ApplicationFilterChain.java:199)
		at org.apache.catalina.core.ApplicationFilterChain.doFilter(ApplicationFilterChain.java:144)
		at org.apache.catalina.core.ApplicationDispatcher.invoke(ApplicationDispatcher.java:642)
		at org.apache.catalina.core.ApplicationDispatcher.doInclude(ApplicationDispatcher.java:518)
		at org.apache.catalina.core.ApplicationDispatcher.include(ApplicationDispatcher.java:461)
		at org.apache.jasper.runtime.JspRuntimeLibrary.include(JspRuntimeLibrary.java:994)
		at org.apache.jsp.index_jsp._jspService(index_jsp.java:764)
		at org.apache.jasper.runtime.HttpJspBase.service(HttpJspBase.java:67)
		at javax.servlet.http.HttpServlet.service(HttpServlet.java:623)
		at org.apache.jasper.servlet.JspServletWrapper.service(JspServletWrapper.java:466)
		at org.apache.jasper.servlet.JspServlet.serviceJspFile(JspServlet.java:376)
		at org.apache.jasper.servlet.JspServlet.service(JspServlet.java:324)
		at javax.servlet.http.HttpServlet.service(HttpServlet.java:623)
		at org.apache.catalina.core.ApplicationFilterChain.internalDoFilter(ApplicationFilterChain.java:199)
		at org.apache.catalina.core.ApplicationFilterChain.doFilter(ApplicationFilterChain.java:144)
		at org.apache.tomcat.websocket.server.WsFilter.doFilter(WsFilter.java:51)
		at org.apache.catalina.core.ApplicationFilterChain.internalDoFilter(ApplicationFilterChain.java:168)
		at org.apache.catalina.core.ApplicationFilterChain.doFilter(ApplicationFilterChain.java:144)
		at org.apache.catalina.core.StandardWrapperValve.invoke(StandardWrapperValve.java:168)
		at org.apache.catalina.core.StandardContextValve.invoke(StandardContextValve.java:90)
		at org.apache.catalina.authenticator.AuthenticatorBase.invoke(AuthenticatorBase.java:482)
		at org.apache.catalina.core.StandardHostValve.invoke(StandardHostValve.java:130)
		at org.apache.catalina.valves.ErrorReportValve.invoke(ErrorReportValve.java:93)
		at org.apache.catalina.valves.AbstractAccessLogValve.invoke(AbstractAccessLogValve.java:660)
		at org.apache.catalina.core.StandardEngineValve.invoke(StandardEngineValve.java:74)
		at org.apache.catalina.connector.CoyoteAdapter.service(CoyoteAdapter.java:346)
		at org.apache.coyote.http11.Http11Processor.service(Http11Processor.java:396)
		at org.apache.coyote.AbstractProcessorLight.process(AbstractProcessorLight.java:63)
		at org.apache.coyote.AbstractProtocol$ConnectionHandler.process(AbstractProtocol.java:937)
		at org.apache.tomcat.util.net.NioEndpoint$SocketProcessor.doRun(NioEndpoint.java:1791)
		at org.apache.tomcat.util.net.SocketProcessorBase.run(SocketProcessorBase.java:52)
		at org.apache.tomcat.util.threads.ThreadPoolExecutor.runWorker(ThreadPoolExecutor.java:1190)
		at org.apache.tomcat.util.threads.ThreadPoolExecutor$Worker.run(ThreadPoolExecutor.java:659)
		at org.apache.tomcat.util.threads.TaskThread$WrappingRunnable.run(TaskThread.java:63)
		at java.base/java.lang.Thread.run(Thread.java:1575)
31-May-2026 11:03:03.536 SEVERE [http-nio-8082-exec-5] org.apache.catalina.core.StandardWrapperValve.invoke Servlet.service() for servlet [jsp] in context with path [] threw exception [An exception occurred processing [/index.jsp] at line [614]

611:         <%
612:             if ("individual".equals(currentPage)) {
613:         %>
614:             <jsp:include page="individualDashboard.jsp" />
615:         <%
616:             } else if ("group".equals(currentPage)) {
617:         %>


Stacktrace:] with root cause
	java.lang.ClassNotFoundException: org.apache.jsp.individualDashboard_jsp
		at java.base/java.net.URLClassLoader.findClass(URLClassLoader.java:445)
		at org.apache.jasper.servlet.JasperLoader.loadClass(JasperLoader.java:129)
		at org.apache.jasper.servlet.JasperLoader.loadClass(JasperLoader.java:58)
		at org.apache.catalina.core.DefaultInstanceManager.newInstance(DefaultInstanceManager.java:150)
		at org.apache.jasper.servlet.JspServletWrapper.getServlet(JspServletWrapper.java:192)
		at org.apache.jasper.servlet.JspServletWrapper.service(JspServletWrapper.java:413)
		at org.apache.jasper.servlet.JspServlet.serviceJspFile(JspServlet.java:376)
		at org.apache.jasper.servlet.JspServlet.service(JspServlet.java:324)
		at javax.servlet.http.HttpServlet.service(HttpServlet.java:623)
		at org.apache.catalina.core.ApplicationFilterChain.internalDoFilter(ApplicationFilterChain.java:199)
		at org.apache.catalina.core.ApplicationFilterChain.doFilter(ApplicationFilterChain.java:144)
		at org.apache.catalina.core.ApplicationDispatcher.invoke(ApplicationDispatcher.java:642)
		at org.apache.catalina.core.ApplicationDispatcher.doInclude(ApplicationDispatcher.java:518)
		at org.apache.catalina.core.ApplicationDispatcher.include(ApplicationDispatcher.java:461)
		at org.apache.jasper.runtime.JspRuntimeLibrary.include(JspRuntimeLibrary.java:994)
		at org.apache.jsp.index_jsp._jspService(index_jsp.java:764)
		at org.apache.jasper.runtime.HttpJspBase.service(HttpJspBase.java:67)
		at javax.servlet.http.HttpServlet.service(HttpServlet.java:623)
		at org.apache.jasper.servlet.JspServletWrapper.service(JspServletWrapper.java:466)
		at org.apache.jasper.servlet.JspServlet.serviceJspFile(JspServlet.java:376)
		at org.apache.jasper.servlet.JspServlet.service(JspServlet.java:324)
		at javax.servlet.http.HttpServlet.service(HttpServlet.java:623)
		at org.apache.catalina.core.ApplicationFilterChain.internalDoFilter(ApplicationFilterChain.java:199)
		at org.apache.catalina.core.ApplicationFilterChain.doFilter(ApplicationFilterChain.java:144)
		at org.apache.tomcat.websocket.server.WsFilter.doFilter(WsFilter.java:51)
		at org.apache.catalina.core.ApplicationFilterChain.internalDoFilter(ApplicationFilterChain.java:168)
		at org.apache.catalina.core.ApplicationFilterChain.doFilter(ApplicationFilterChain.java:144)
		at org.apache.catalina.core.StandardWrapperValve.invoke(StandardWrapperValve.java:168)
		at org.apache.catalina.core.StandardContextValve.invoke(StandardContextValve.java:90)
		at org.apache.catalina.authenticator.AuthenticatorBase.invoke(AuthenticatorBase.java:482)
		at org.apache.catalina.core.StandardHostValve.invoke(StandardHostValve.java:130)
		at org.apache.catalina.valves.ErrorReportValve.invoke(ErrorReportValve.java:93)
		at org.apache.catalina.valves.AbstractAccessLogValve.invoke(AbstractAccessLogValve.java:660)
		at org.apache.catalina.core.StandardEngineValve.invoke(StandardEngineValve.java:74)
		at org.apache.catalina.connector.CoyoteAdapter.service(CoyoteAdapter.java:346)
		at org.apache.coyote.http11.Http11Processor.service(Http11Processor.java:396)
		at org.apache.coyote.AbstractProcessorLight.process(AbstractProcessorLight.java:63)
		at org.apache.coyote.AbstractProtocol$ConnectionHandler.process(AbstractProtocol.java:937)
		at org.apache.tomcat.util.net.NioEndpoint$SocketProcessor.doRun(NioEndpoint.java:1791)
		at org.apache.tomcat.util.net.SocketProcessorBase.run(SocketProcessorBase.java:52)
		at org.apache.tomcat.util.threads.ThreadPoolExecutor.runWorker(ThreadPoolExecutor.java:1190)
		at org.apache.tomcat.util.threads.ThreadPoolExecutor$Worker.run(ThreadPoolExecutor.java:659)
		at org.apache.tomcat.util.threads.TaskThread$WrappingRunnable.run(TaskThread.java:63)
		at java.base/java.lang.Thread.run(Thread.java:1575)
31-May-2026 11:03:05.696 SEVERE [http-nio-8082-exec-7] org.apache.catalina.core.ApplicationDispatcher.invoke Servlet.service() for servlet [jsp] threw exception
	org.apache.jasper.JasperException: Unable to compile class for JSP: 

An error occurred at line: [520] in the jsp file: [/individualDashboard.jsp]
counter cannot be resolved to a variable
517:         %>
518:         </table>
519: 
520:         <% if (counter == 1) { %>
521:             <style>
522:                 .task-table { display: none; }
523:                 .empty-state-card {


Stacktrace:
		at org.apache.jasper.compiler.DefaultErrorHandler.javacError(DefaultErrorHandler.java:72)
		at org.apache.jasper.compiler.ErrorDispatcher.javacError(ErrorDispatcher.java:192)
		at org.apache.jasper.compiler.JDTCompiler.generateClass(JDTCompiler.java:542)
		at org.apache.jasper.compiler.Compiler.compile(Compiler.java:371)
		at org.apache.jasper.compiler.Compiler.compile(Compiler.java:343)
		at org.apache.jasper.compiler.Compiler.compile(Compiler.java:329)
		at org.apache.jasper.JspCompilationContext.compile(JspCompilationContext.java:603)
		at org.apache.jasper.servlet.JspServletWrapper.service(JspServletWrapper.java:399)
		at org.apache.jasper.servlet.JspServlet.serviceJspFile(JspServlet.java:376)
		at org.apache.jasper.servlet.JspServlet.service(JspServlet.java:324)
		at javax.servlet.http.HttpServlet.service(HttpServlet.java:623)
		at org.apache.catalina.core.ApplicationFilterChain.internalDoFilter(ApplicationFilterChain.java:199)
		at org.apache.catalina.core.ApplicationFilterChain.doFilter(ApplicationFilterChain.java:144)
		at org.apache.catalina.core.ApplicationDispatcher.invoke(ApplicationDispatcher.java:642)
		at org.apache.catalina.core.ApplicationDispatcher.doInclude(ApplicationDispatcher.java:518)
		at org.apache.catalina.core.ApplicationDispatcher.include(ApplicationDispatcher.java:461)
		at org.apache.jasper.runtime.JspRuntimeLibrary.include(JspRuntimeLibrary.java:994)
		at org.apache.jsp.index_jsp._jspService(index_jsp.java:764)
		at org.apache.jasper.runtime.HttpJspBase.service(HttpJspBase.java:67)
		at javax.servlet.http.HttpServlet.service(HttpServlet.java:623)
		at org.apache.jasper.servlet.JspServletWrapper.service(JspServletWrapper.java:466)
		at org.apache.jasper.servlet.JspServlet.serviceJspFile(JspServlet.java:376)
		at org.apache.jasper.servlet.JspServlet.service(JspServlet.java:324)
		at javax.servlet.http.HttpServlet.service(HttpServlet.java:623)
		at org.apache.catalina.core.ApplicationFilterChain.internalDoFilter(ApplicationFilterChain.java:199)
		at org.apache.catalina.core.ApplicationFilterChain.doFilter(ApplicationFilterChain.java:144)
		at org.apache.tomcat.websocket.server.WsFilter.doFilter(WsFilter.java:51)
		at org.apache.catalina.core.ApplicationFilterChain.internalDoFilter(ApplicationFilterChain.java:168)
		at org.apache.catalina.core.ApplicationFilterChain.doFilter(ApplicationFilterChain.java:144)
		at org.apache.catalina.core.StandardWrapperValve.invoke(StandardWrapperValve.java:168)
		at org.apache.catalina.core.StandardContextValve.invoke(StandardContextValve.java:90)
		at org.apache.catalina.authenticator.AuthenticatorBase.invoke(AuthenticatorBase.java:482)
		at org.apache.catalina.core.StandardHostValve.invoke(StandardHostValve.java:130)
		at org.apache.catalina.valves.ErrorReportValve.invoke(ErrorReportValve.java:93)
		at org.apache.catalina.valves.AbstractAccessLogValve.invoke(AbstractAccessLogValve.java:660)
		at org.apache.catalina.core.StandardEngineValve.invoke(StandardEngineValve.java:74)
		at org.apache.catalina.connector.CoyoteAdapter.service(CoyoteAdapter.java:346)
		at org.apache.coyote.http11.Http11Processor.service(Http11Processor.java:396)
		at org.apache.coyote.AbstractProcessorLight.process(AbstractProcessorLight.java:63)
		at org.apache.coyote.AbstractProtocol$ConnectionHandler.process(AbstractProtocol.java:937)
		at org.apache.tomcat.util.net.NioEndpoint$SocketProcessor.doRun(NioEndpoint.java:1791)
		at org.apache.tomcat.util.net.SocketProcessorBase.run(SocketProcessorBase.java:52)
		at org.apache.tomcat.util.threads.ThreadPoolExecutor.runWorker(ThreadPoolExecutor.java:1190)
		at org.apache.tomcat.util.threads.ThreadPoolExecutor$Worker.run(ThreadPoolExecutor.java:659)
		at org.apache.tomcat.util.threads.TaskThread$WrappingRunnable.run(TaskThread.java:63)
		at java.base/java.lang.Thread.run(Thread.java:1575)
31-May-2026 11:03:05.696 SEVERE [http-nio-8082-exec-7] org.apache.catalina.core.StandardWrapperValve.invoke Servlet.service() for servlet [jsp] in context with path [] threw exception [Unable to compile class for JSP: 

An error occurred at line: [520] in the jsp file: [/individualDashboard.jsp]
counter cannot be resolved to a variable
517:         %>
518:         </table>
519: 
520:         <% if (counter == 1) { %>
521:             <style>
522:                 .task-table { display: none; }
523:                 .empty-state-card {


Stacktrace:] with root cause
	org.apache.jasper.JasperException: Unable to compile class for JSP: 

An error occurred at line: [520] in the jsp file: [/individualDashboard.jsp]
counter cannot be resolved to a variable
517:         %>
518:         </table>
519: 
520:         <% if (counter == 1) { %>
521:             <style>
522:                 .task-table { display: none; }
523:                 .empty-state-card {


Stacktrace:
		at org.apache.jasper.compiler.DefaultErrorHandler.javacError(DefaultErrorHandler.java:72)
		at org.apache.jasper.compiler.ErrorDispatcher.javacError(ErrorDispatcher.java:192)
		at org.apache.jasper.compiler.JDTCompiler.generateClass(JDTCompiler.java:542)
		at org.apache.jasper.compiler.Compiler.compile(Compiler.java:371)
		at org.apache.jasper.compiler.Compiler.compile(Compiler.java:343)
		at org.apache.jasper.compiler.Compiler.compile(Compiler.java:329)
		at org.apache.jasper.JspCompilationContext.compile(JspCompilationContext.java:603)
		at org.apache.jasper.servlet.JspServletWrapper.service(JspServletWrapper.java:399)
		at org.apache.jasper.servlet.JspServlet.serviceJspFile(JspServlet.java:376)
		at org.apache.jasper.servlet.JspServlet.service(JspServlet.java:324)
		at javax.servlet.http.HttpServlet.service(HttpServlet.java:623)
		at org.apache.catalina.core.ApplicationFilterChain.internalDoFilter(ApplicationFilterChain.java:199)
		at org.apache.catalina.core.ApplicationFilterChain.doFilter(ApplicationFilterChain.java:144)
		at org.apache.catalina.core.ApplicationDispatcher.invoke(ApplicationDispatcher.java:642)
		at org.apache.catalina.core.ApplicationDispatcher.doInclude(ApplicationDispatcher.java:518)
		at org.apache.catalina.core.ApplicationDispatcher.include(ApplicationDispatcher.java:461)
		at org.apache.jasper.runtime.JspRuntimeLibrary.include(JspRuntimeLibrary.java:994)
		at org.apache.jsp.index_jsp._jspService(index_jsp.java:764)
		at org.apache.jasper.runtime.HttpJspBase.service(HttpJspBase.java:67)
		at javax.servlet.http.HttpServlet.service(HttpServlet.java:623)
		at org.apache.jasper.servlet.JspServletWrapper.service(JspServletWrapper.java:466)
		at org.apache.jasper.servlet.JspServlet.serviceJspFile(JspServlet.java:376)
		at org.apache.jasper.servlet.JspServlet.service(JspServlet.java:324)
		at javax.servlet.http.HttpServlet.service(HttpServlet.java:623)
		at org.apache.catalina.core.ApplicationFilterChain.internalDoFilter(ApplicationFilterChain.java:199)
		at org.apache.catalina.core.ApplicationFilterChain.doFilter(ApplicationFilterChain.java:144)
		at org.apache.tomcat.websocket.server.WsFilter.doFilter(WsFilter.java:51)
		at org.apache.catalina.core.ApplicationFilterChain.internalDoFilter(ApplicationFilterChain.java:168)
		at org.apache.catalina.core.ApplicationFilterChain.doFilter(ApplicationFilterChain.java:144)
		at org.apache.catalina.core.StandardWrapperValve.invoke(StandardWrapperValve.java:168)
		at org.apache.catalina.core.StandardContextValve.invoke(StandardContextValve.java:90)
		at org.apache.catalina.authenticator.AuthenticatorBase.invoke(AuthenticatorBase.java:482)
		at org.apache.catalina.core.StandardHostValve.invoke(StandardHostValve.java:130)
		at org.apache.catalina.valves.ErrorReportValve.invoke(ErrorReportValve.java:93)
		at org.apache.catalina.valves.AbstractAccessLogValve.invoke(AbstractAccessLogValve.java:660)
		at org.apache.catalina.core.StandardEngineValve.invoke(StandardEngineValve.java:74)
		at org.apache.catalina.connector.CoyoteAdapter.service(CoyoteAdapter.java:346)
		at org.apache.coyote.http11.Http11Processor.service(Http11Processor.java:396)
		at org.apache.coyote.AbstractProcessorLight.process(AbstractProcessorLight.java:63)
		at org.apache.coyote.AbstractProtocol$ConnectionHandler.process(AbstractProtocol.java:937)
		at org.apache.tomcat.util.net.NioEndpoint$SocketProcessor.doRun(NioEndpoint.java:1791)
		at org.apache.tomcat.util.net.SocketProcessorBase.run(SocketProcessorBase.java:52)
		at org.apache.tomcat.util.threads.ThreadPoolExecutor.runWorker(ThreadPoolExecutor.java:1190)
		at org.apache.tomcat.util.threads.ThreadPoolExecutor$Worker.run(ThreadPoolExecutor.java:659)
		at org.apache.tomcat.util.threads.TaskThread$WrappingRunnable.run(TaskThread.java:63)
		at java.base/java.lang.Thread.run(Thread.java:1575)
31-May-2026 11:03:06.573 SEVERE [http-nio-8082-exec-4] org.apache.catalina.core.ApplicationDispatcher.invoke Servlet.service() for servlet [jsp] threw exception
	java.lang.ClassNotFoundException: org.apache.jsp.individualDashboard_jsp
		at java.base/java.net.URLClassLoader.findClass(URLClassLoader.java:445)
		at org.apache.jasper.servlet.JasperLoader.loadClass(JasperLoader.java:129)
		at org.apache.jasper.servlet.JasperLoader.loadClass(JasperLoader.java:58)
		at org.apache.catalina.core.DefaultInstanceManager.newInstance(DefaultInstanceManager.java:150)
		at org.apache.jasper.servlet.JspServletWrapper.getServlet(JspServletWrapper.java:192)
		at org.apache.jasper.servlet.JspServletWrapper.service(JspServletWrapper.java:413)
		at org.apache.jasper.servlet.JspServlet.serviceJspFile(JspServlet.java:376)
		at org.apache.jasper.servlet.JspServlet.service(JspServlet.java:324)
		at javax.servlet.http.HttpServlet.service(HttpServlet.java:623)
		at org.apache.catalina.core.ApplicationFilterChain.internalDoFilter(ApplicationFilterChain.java:199)
		at org.apache.catalina.core.ApplicationFilterChain.doFilter(ApplicationFilterChain.java:144)
		at org.apache.catalina.core.ApplicationDispatcher.invoke(ApplicationDispatcher.java:642)
		at org.apache.catalina.core.ApplicationDispatcher.doInclude(ApplicationDispatcher.java:518)
		at org.apache.catalina.core.ApplicationDispatcher.include(ApplicationDispatcher.java:461)
		at org.apache.jasper.runtime.JspRuntimeLibrary.include(JspRuntimeLibrary.java:994)
		at org.apache.jsp.index_jsp._jspService(index_jsp.java:764)
		at org.apache.jasper.runtime.HttpJspBase.service(HttpJspBase.java:67)
		at javax.servlet.http.HttpServlet.service(HttpServlet.java:623)
		at org.apache.jasper.servlet.JspServletWrapper.service(JspServletWrapper.java:466)
		at org.apache.jasper.servlet.JspServlet.serviceJspFile(JspServlet.java:376)
		at org.apache.jasper.servlet.JspServlet.service(JspServlet.java:324)
		at javax.servlet.http.HttpServlet.service(HttpServlet.java:623)
		at org.apache.catalina.core.ApplicationFilterChain.internalDoFilter(ApplicationFilterChain.java:199)
		at org.apache.catalina.core.ApplicationFilterChain.doFilter(ApplicationFilterChain.java:144)
		at org.apache.tomcat.websocket.server.WsFilter.doFilter(WsFilter.java:51)
		at org.apache.catalina.core.ApplicationFilterChain.internalDoFilter(ApplicationFilterChain.java:168)
		at org.apache.catalina.core.ApplicationFilterChain.doFilter(ApplicationFilterChain.java:144)
		at org.apache.catalina.core.StandardWrapperValve.invoke(StandardWrapperValve.java:168)
		at org.apache.catalina.core.StandardContextValve.invoke(StandardContextValve.java:90)
		at org.apache.catalina.authenticator.AuthenticatorBase.invoke(AuthenticatorBase.java:482)
		at org.apache.catalina.core.StandardHostValve.invoke(StandardHostValve.java:130)
		at org.apache.catalina.valves.ErrorReportValve.invoke(ErrorReportValve.java:93)
		at org.apache.catalina.valves.AbstractAccessLogValve.invoke(AbstractAccessLogValve.java:660)
		at org.apache.catalina.core.StandardEngineValve.invoke(StandardEngineValve.java:74)
		at org.apache.catalina.connector.CoyoteAdapter.service(CoyoteAdapter.java:346)
		at org.apache.coyote.http11.Http11Processor.service(Http11Processor.java:396)
		at org.apache.coyote.AbstractProcessorLight.process(AbstractProcessorLight.java:63)
		at org.apache.coyote.AbstractProtocol$ConnectionHandler.process(AbstractProtocol.java:937)
		at org.apache.tomcat.util.net.NioEndpoint$SocketProcessor.doRun(NioEndpoint.java:1791)
		at org.apache.tomcat.util.net.SocketProcessorBase.run(SocketProcessorBase.java:52)
		at org.apache.tomcat.util.threads.ThreadPoolExecutor.runWorker(ThreadPoolExecutor.java:1190)
		at org.apache.tomcat.util.threads.ThreadPoolExecutor$Worker.run(ThreadPoolExecutor.java:659)
		at org.apache.tomcat.util.threads.TaskThread$WrappingRunnable.run(TaskThread.java:63)
		at java.base/java.lang.Thread.run(Thread.java:1575)
31-May-2026 11:03:06.576 SEVERE [http-nio-8082-exec-4] org.apache.catalina.core.StandardWrapperValve.invoke Servlet.service() for servlet [jsp] in context with path [] threw exception [An exception occurred processing [/index.jsp] at line [614]

611:         <%
612:             if ("individual".equals(currentPage)) {
613:         %>
614:             <jsp:include page="individualDashboard.jsp" />
615:         <%
616:             } else if ("group".equals(currentPage)) {
617:         %>


Stacktrace:] with root cause
	java.lang.ClassNotFoundException: org.apache.jsp.individualDashboard_jsp
		at java.base/java.net.URLClassLoader.findClass(URLClassLoader.java:445)
		at org.apache.jasper.servlet.JasperLoader.loadClass(JasperLoader.java:129)
		at org.apache.jasper.servlet.JasperLoader.loadClass(JasperLoader.java:58)
		at org.apache.catalina.core.DefaultInstanceManager.newInstance(DefaultInstanceManager.java:150)
		at org.apache.jasper.servlet.JspServletWrapper.getServlet(JspServletWrapper.java:192)
		at org.apache.jasper.servlet.JspServletWrapper.service(JspServletWrapper.java:413)
		at org.apache.jasper.servlet.JspServlet.serviceJspFile(JspServlet.java:376)
		at org.apache.jasper.servlet.JspServlet.service(JspServlet.java:324)
		at javax.servlet.http.HttpServlet.service(HttpServlet.java:623)
		at org.apache.catalina.core.ApplicationFilterChain.internalDoFilter(ApplicationFilterChain.java:199)
		at org.apache.catalina.core.ApplicationFilterChain.doFilter(ApplicationFilterChain.java:144)
		at org.apache.catalina.core.ApplicationDispatcher.invoke(ApplicationDispatcher.java:642)
		at org.apache.catalina.core.ApplicationDispatcher.doInclude(ApplicationDispatcher.java:518)
		at org.apache.catalina.core.ApplicationDispatcher.include(ApplicationDispatcher.java:461)
		at org.apache.jasper.runtime.JspRuntimeLibrary.include(JspRuntimeLibrary.java:994)
		at org.apache.jsp.index_jsp._jspService(index_jsp.java:764)
		at org.apache.jasper.runtime.HttpJspBase.service(HttpJspBase.java:67)
		at javax.servlet.http.HttpServlet.service(HttpServlet.java:623)
		at org.apache.jasper.servlet.JspServletWrapper.service(JspServletWrapper.java:466)
		at org.apache.jasper.servlet.JspServlet.serviceJspFile(JspServlet.java:376)
		at org.apache.jasper.servlet.JspServlet.service(JspServlet.java:324)
		at javax.servlet.http.HttpServlet.service(HttpServlet.java:623)
		at org.apache.catalina.core.ApplicationFilterChain.internalDoFilter(ApplicationFilterChain.java:199)
		at org.apache.catalina.core.ApplicationFilterChain.doFilter(ApplicationFilterChain.java:144)
		at org.apache.tomcat.websocket.server.WsFilter.doFilter(WsFilter.java:51)
		at org.apache.catalina.core.ApplicationFilterChain.internalDoFilter(ApplicationFilterChain.java:168)
		at org.apache.catalina.core.ApplicationFilterChain.doFilter(ApplicationFilterChain.java:144)
		at org.apache.catalina.core.StandardWrapperValve.invoke(StandardWrapperValve.java:168)
		at org.apache.catalina.core.StandardContextValve.invoke(StandardContextValve.java:90)
		at org.apache.catalina.authenticator.AuthenticatorBase.invoke(AuthenticatorBase.java:482)
		at org.apache.catalina.core.StandardHostValve.invoke(StandardHostValve.java:130)
		at org.apache.catalina.valves.ErrorReportValve.invoke(ErrorReportValve.java:93)
		at org.apache.catalina.valves.AbstractAccessLogValve.invoke(AbstractAccessLogValve.java:660)
		at org.apache.catalina.core.StandardEngineValve.invoke(StandardEngineValve.java:74)
		at org.apache.catalina.connector.CoyoteAdapter.service(CoyoteAdapter.java:346)
		at org.apache.coyote.http11.Http11Processor.service(Http11Processor.java:396)
		at org.apache.coyote.AbstractProcessorLight.process(AbstractProcessorLight.java:63)
		at org.apache.coyote.AbstractProtocol$ConnectionHandler.process(AbstractProtocol.java:937)
		at org.apache.tomcat.util.net.NioEndpoint$SocketProcessor.doRun(NioEndpoint.java:1791)
		at org.apache.tomcat.util.net.SocketProcessorBase.run(SocketProcessorBase.java:52)
		at org.apache.tomcat.util.threads.ThreadPoolExecutor.runWorker(ThreadPoolExecutor.java:1190)
		at org.apache.tomcat.util.threads.ThreadPoolExecutor$Worker.run(ThreadPoolExecutor.java:659)
		at org.apache.tomcat.util.threads.TaskThread$WrappingRunnable.run(TaskThread.java:63)
		at java.base/java.lang.Thread.run(Thread.java:1575)
31-May-2026 11:03:06.677 SEVERE [http-nio-8082-exec-8] org.apache.catalina.core.ApplicationDispatcher.invoke Servlet.service() for servlet [jsp] threw exception
	java.lang.ClassNotFoundException: org.apache.jsp.individualDashboard_jsp
		at java.base/java.net.URLClassLoader.findClass(URLClassLoader.java:445)
		at org.apache.jasper.servlet.JasperLoader.loadClass(JasperLoader.java:129)
		at org.apache.jasper.servlet.JasperLoader.loadClass(JasperLoader.java:58)
		at org.apache.catalina.core.DefaultInstanceManager.newInstance(DefaultInstanceManager.java:150)
		at org.apache.jasper.servlet.JspServletWrapper.getServlet(JspServletWrapper.java:192)
		at org.apache.jasper.servlet.JspServletWrapper.service(JspServletWrapper.java:413)
		at org.apache.jasper.servlet.JspServlet.serviceJspFile(JspServlet.java:376)
		at org.apache.jasper.servlet.JspServlet.service(JspServlet.java:324)
		at javax.servlet.http.HttpServlet.service(HttpServlet.java:623)
		at org.apache.catalina.core.ApplicationFilterChain.internalDoFilter(ApplicationFilterChain.java:199)
		at org.apache.catalina.core.ApplicationFilterChain.doFilter(ApplicationFilterChain.java:144)
		at org.apache.catalina.core.ApplicationDispatcher.invoke(ApplicationDispatcher.java:642)
		at org.apache.catalina.core.ApplicationDispatcher.doInclude(ApplicationDispatcher.java:518)
		at org.apache.catalina.core.ApplicationDispatcher.include(ApplicationDispatcher.java:461)
		at org.apache.jasper.runtime.JspRuntimeLibrary.include(JspRuntimeLibrary.java:994)
		at org.apache.jsp.index_jsp._jspService(index_jsp.java:764)
		at org.apache.jasper.runtime.HttpJspBase.service(HttpJspBase.java:67)
		at javax.servlet.http.HttpServlet.service(HttpServlet.java:623)
		at org.apache.jasper.servlet.JspServletWrapper.service(JspServletWrapper.java:466)
		at org.apache.jasper.servlet.JspServlet.serviceJspFile(JspServlet.java:376)
		at org.apache.jasper.servlet.JspServlet.service(JspServlet.java:324)
		at javax.servlet.http.HttpServlet.service(HttpServlet.java:623)
		at org.apache.catalina.core.ApplicationFilterChain.internalDoFilter(ApplicationFilterChain.java:199)
		at org.apache.catalina.core.ApplicationFilterChain.doFilter(ApplicationFilterChain.java:144)
		at org.apache.tomcat.websocket.server.WsFilter.doFilter(WsFilter.java:51)
		at org.apache.catalina.core.ApplicationFilterChain.internalDoFilter(ApplicationFilterChain.java:168)
		at org.apache.catalina.core.ApplicationFilterChain.doFilter(ApplicationFilterChain.java:144)
		at org.apache.catalina.core.StandardWrapperValve.invoke(StandardWrapperValve.java:168)
		at org.apache.catalina.core.StandardContextValve.invoke(StandardContextValve.java:90)
		at org.apache.catalina.authenticator.AuthenticatorBase.invoke(AuthenticatorBase.java:482)
		at org.apache.catalina.core.StandardHostValve.invoke(StandardHostValve.java:130)
		at org.apache.catalina.valves.ErrorReportValve.invoke(ErrorReportValve.java:93)
		at org.apache.catalina.valves.AbstractAccessLogValve.invoke(AbstractAccessLogValve.java:660)
		at org.apache.catalina.core.StandardEngineValve.invoke(StandardEngineValve.java:74)
		at org.apache.catalina.connector.CoyoteAdapter.service(CoyoteAdapter.java:346)
		at org.apache.coyote.http11.Http11Processor.service(Http11Processor.java:396)
		at org.apache.coyote.AbstractProcessorLight.process(AbstractProcessorLight.java:63)
		at org.apache.coyote.AbstractProtocol$ConnectionHandler.process(AbstractProtocol.java:937)
		at org.apache.tomcat.util.net.NioEndpoint$SocketProcessor.doRun(NioEndpoint.java:1791)
		at org.apache.tomcat.util.net.SocketProcessorBase.run(SocketProcessorBase.java:52)
		at org.apache.tomcat.util.threads.ThreadPoolExecutor.runWorker(ThreadPoolExecutor.java:1190)
		at org.apache.tomcat.util.threads.ThreadPoolExecutor$Worker.run(ThreadPoolExecutor.java:659)
		at org.apache.tomcat.util.threads.TaskThread$WrappingRunnable.run(TaskThread.java:63)
		at java.base/java.lang.Thread.run(Thread.java:1575)
31-May-2026 11:03:06.678 SEVERE [http-nio-8082-exec-8] org.apache.catalina.core.StandardWrapperValve.invoke Servlet.service() for servlet [jsp] in context with path [] threw exception [An exception occurred processing [/index.jsp] at line [614]

611:         <%
612:             if ("individual".equals(currentPage)) {
613:         %>
614:             <jsp:include page="individualDashboard.jsp" />
615:         <%
616:             } else if ("group".equals(currentPage)) {
617:         %>


Stacktrace:] with root cause
	java.lang.ClassNotFoundException: org.apache.jsp.individualDashboard_jsp
		at java.base/java.net.URLClassLoader.findClass(URLClassLoader.java:445)
		at org.apache.jasper.servlet.JasperLoader.loadClass(JasperLoader.java:129)
		at org.apache.jasper.servlet.JasperLoader.loadClass(JasperLoader.java:58)
		at org.apache.catalina.core.DefaultInstanceManager.newInstance(DefaultInstanceManager.java:150)
		at org.apache.jasper.servlet.JspServletWrapper.getServlet(JspServletWrapper.java:192)
		at org.apache.jasper.servlet.JspServletWrapper.service(JspServletWrapper.java:413)
		at org.apache.jasper.servlet.JspServlet.serviceJspFile(JspServlet.java:376)
		at org.apache.jasper.servlet.JspServlet.service(JspServlet.java:324)
		at javax.servlet.http.HttpServlet.service(HttpServlet.java:623)
		at org.apache.catalina.core.ApplicationFilterChain.internalDoFilter(ApplicationFilterChain.java:199)
		at org.apache.catalina.core.ApplicationFilterChain.doFilter(ApplicationFilterChain.java:144)
		at org.apache.catalina.core.ApplicationDispatcher.invoke(ApplicationDispatcher.java:642)
		at org.apache.catalina.core.ApplicationDispatcher.doInclude(ApplicationDispatcher.java:518)
		at org.apache.catalina.core.ApplicationDispatcher.include(ApplicationDispatcher.java:461)
		at org.apache.jasper.runtime.JspRuntimeLibrary.include(JspRuntimeLibrary.java:994)
		at org.apache.jsp.index_jsp._jspService(index_jsp.java:764)
		at org.apache.jasper.runtime.HttpJspBase.service(HttpJspBase.java:67)
		at javax.servlet.http.HttpServlet.service(HttpServlet.java:623)
		at org.apache.jasper.servlet.JspServletWrapper.service(JspServletWrapper.java:466)
		at org.apache.jasper.servlet.JspServlet.serviceJspFile(JspServlet.java:376)
		at org.apache.jasper.servlet.JspServlet.service(JspServlet.java:324)
		at javax.servlet.http.HttpServlet.service(HttpServlet.java:623)
		at org.apache.catalina.core.ApplicationFilterChain.internalDoFilter(ApplicationFilterChain.java:199)
		at org.apache.catalina.core.ApplicationFilterChain.doFilter(ApplicationFilterChain.java:144)
		at org.apache.tomcat.websocket.server.WsFilter.doFilter(WsFilter.java:51)
		at org.apache.catalina.core.ApplicationFilterChain.internalDoFilter(ApplicationFilterChain.java:168)
		at org.apache.catalina.core.ApplicationFilterChain.doFilter(ApplicationFilterChain.java:144)
		at org.apache.catalina.core.StandardWrapperValve.invoke(StandardWrapperValve.java:168)
		at org.apache.catalina.core.StandardContextValve.invoke(StandardContextValve.java:90)
		at org.apache.catalina.authenticator.AuthenticatorBase.invoke(AuthenticatorBase.java:482)
		at org.apache.catalina.core.StandardHostValve.invoke(StandardHostValve.java:130)
		at org.apache.catalina.valves.ErrorReportValve.invoke(ErrorReportValve.java:93)
		at org.apache.catalina.valves.AbstractAccessLogValve.invoke(AbstractAccessLogValve.java:660)
		at org.apache.catalina.core.StandardEngineValve.invoke(StandardEngineValve.java:74)
		at org.apache.catalina.connector.CoyoteAdapter.service(CoyoteAdapter.java:346)
		at org.apache.coyote.http11.Http11Processor.service(Http11Processor.java:396)
		at org.apache.coyote.AbstractProcessorLight.process(AbstractProcessorLight.java:63)
		at org.apache.coyote.AbstractProtocol$ConnectionHandler.process(AbstractProtocol.java:937)
		at org.apache.tomcat.util.net.NioEndpoint$SocketProcessor.doRun(NioEndpoint.java:1791)
		at org.apache.tomcat.util.net.SocketProcessorBase.run(SocketProcessorBase.java:52)
		at org.apache.tomcat.util.threads.ThreadPoolExecutor.runWorker(ThreadPoolExecutor.java:1190)
		at org.apache.tomcat.util.threads.ThreadPoolExecutor$Worker.run(ThreadPoolExecutor.java:659)
		at org.apache.tomcat.util.threads.TaskThread$WrappingRunnable.run(TaskThread.java:63)
		at java.base/java.lang.Thread.run(Thread.java:1575)
31-May-2026 11:03:07.147 SEVERE [http-nio-8082-exec-9] org.apache.catalina.core.ApplicationDispatcher.invoke Servlet.service() for servlet [jsp] threw exception
	java.lang.ClassNotFoundException: org.apache.jsp.individualDashboard_jsp
		at java.base/java.net.URLClassLoader.findClass(URLClassLoader.java:445)
		at org.apache.jasper.servlet.JasperLoader.loadClass(JasperLoader.java:129)
		at org.apache.jasper.servlet.JasperLoader.loadClass(JasperLoader.java:58)
		at org.apache.catalina.core.DefaultInstanceManager.newInstance(DefaultInstanceManager.java:150)
		at org.apache.jasper.servlet.JspServletWrapper.getServlet(JspServletWrapper.java:192)
		at org.apache.jasper.servlet.JspServletWrapper.service(JspServletWrapper.java:413)
		at org.apache.jasper.servlet.JspServlet.serviceJspFile(JspServlet.java:376)
		at org.apache.jasper.servlet.JspServlet.service(JspServlet.java:324)
		at javax.servlet.http.HttpServlet.service(HttpServlet.java:623)
		at org.apache.catalina.core.ApplicationFilterChain.internalDoFilter(ApplicationFilterChain.java:199)
		at org.apache.catalina.core.ApplicationFilterChain.doFilter(ApplicationFilterChain.java:144)
		at org.apache.catalina.core.ApplicationDispatcher.invoke(ApplicationDispatcher.java:642)
		at org.apache.catalina.core.ApplicationDispatcher.doInclude(ApplicationDispatcher.java:518)
		at org.apache.catalina.core.ApplicationDispatcher.include(ApplicationDispatcher.java:461)
		at org.apache.jasper.runtime.JspRuntimeLibrary.include(JspRuntimeLibrary.java:994)
		at org.apache.jsp.index_jsp._jspService(index_jsp.java:764)
		at org.apache.jasper.runtime.HttpJspBase.service(HttpJspBase.java:67)
		at javax.servlet.http.HttpServlet.service(HttpServlet.java:623)
		at org.apache.jasper.servlet.JspServletWrapper.service(JspServletWrapper.java:466)
		at org.apache.jasper.servlet.JspServlet.serviceJspFile(JspServlet.java:376)
		at org.apache.jasper.servlet.JspServlet.service(JspServlet.java:324)
		at javax.servlet.http.HttpServlet.service(HttpServlet.java:623)
		at org.apache.catalina.core.ApplicationFilterChain.internalDoFilter(ApplicationFilterChain.java:199)
		at org.apache.catalina.core.ApplicationFilterChain.doFilter(ApplicationFilterChain.java:144)
		at org.apache.tomcat.websocket.server.WsFilter.doFilter(WsFilter.java:51)
		at org.apache.catalina.core.ApplicationFilterChain.internalDoFilter(ApplicationFilterChain.java:168)
		at org.apache.catalina.core.ApplicationFilterChain.doFilter(ApplicationFilterChain.java:144)
		at org.apache.catalina.core.StandardWrapperValve.invoke(StandardWrapperValve.java:168)
		at org.apache.catalina.core.StandardContextValve.invoke(StandardContextValve.java:90)
		at org.apache.catalina.authenticator.AuthenticatorBase.invoke(AuthenticatorBase.java:482)
		at org.apache.catalina.core.StandardHostValve.invoke(StandardHostValve.java:130)
		at org.apache.catalina.valves.ErrorReportValve.invoke(ErrorReportValve.java:93)
		at org.apache.catalina.valves.AbstractAccessLogValve.invoke(AbstractAccessLogValve.java:660)
		at org.apache.catalina.core.StandardEngineValve.invoke(StandardEngineValve.java:74)
		at org.apache.catalina.connector.CoyoteAdapter.service(CoyoteAdapter.java:346)
		at org.apache.coyote.http11.Http11Processor.service(Http11Processor.java:396)
		at org.apache.coyote.AbstractProcessorLight.process(AbstractProcessorLight.java:63)
		at org.apache.coyote.AbstractProtocol$ConnectionHandler.process(AbstractProtocol.java:937)
		at org.apache.tomcat.util.net.NioEndpoint$SocketProcessor.doRun(NioEndpoint.java:1791)
		at org.apache.tomcat.util.net.SocketProcessorBase.run(SocketProcessorBase.java:52)
		at org.apache.tomcat.util.threads.ThreadPoolExecutor.runWorker(ThreadPoolExecutor.java:1190)
		at org.apache.tomcat.util.threads.ThreadPoolExecutor$Worker.run(ThreadPoolExecutor.java:659)
		at org.apache.tomcat.util.threads.TaskThread$WrappingRunnable.run(TaskThread.java:63)
		at java.base/java.lang.Thread.run(Thread.java:1575)
31-May-2026 11:03:07.148 SEVERE [http-nio-8082-exec-9] org.apache.catalina.core.StandardWrapperValve.invoke Servlet.service() for servlet [jsp] in context with path [] threw exception [An exception occurred processing [/index.jsp] at line [614]

611:         <%
612:             if ("individual".equals(currentPage)) {
613:         %>
614:             <jsp:include page="individualDashboard.jsp" />
615:         <%
616:             } else if ("group".equals(currentPage)) {
617:         %>


Stacktrace:] with root cause
	java.lang.ClassNotFoundException: org.apache.jsp.individualDashboard_jsp
		at java.base/java.net.URLClassLoader.findClass(URLClassLoader.java:445)
		at org.apache.jasper.servlet.JasperLoader.loadClass(JasperLoader.java:129)
		at org.apache.jasper.servlet.JasperLoader.loadClass(JasperLoader.java:58)
		at org.apache.catalina.core.DefaultInstanceManager.newInstance(DefaultInstanceManager.java:150)
		at org.apache.jasper.servlet.JspServletWrapper.getServlet(JspServletWrapper.java:192)
		at org.apache.jasper.servlet.JspServletWrapper.service(JspServletWrapper.java:413)
		at org.apache.jasper.servlet.JspServlet.serviceJspFile(JspServlet.java:376)
		at org.apache.jasper.servlet.JspServlet.service(JspServlet.java:324)
		at javax.servlet.http.HttpServlet.service(HttpServlet.java:623)
		at org.apache.catalina.core.ApplicationFilterChain.internalDoFilter(ApplicationFilterChain.java:199)
		at org.apache.catalina.core.ApplicationFilterChain.doFilter(ApplicationFilterChain.java:144)
		at org.apache.catalina.core.ApplicationDispatcher.invoke(ApplicationDispatcher.java:642)
		at org.apache.catalina.core.ApplicationDispatcher.doInclude(ApplicationDispatcher.java:518)
		at org.apache.catalina.core.ApplicationDispatcher.include(ApplicationDispatcher.java:461)
		at org.apache.jasper.runtime.JspRuntimeLibrary.include(JspRuntimeLibrary.java:994)
		at org.apache.jsp.index_jsp._jspService(index_jsp.java:764)
		at org.apache.jasper.runtime.HttpJspBase.service(HttpJspBase.java:67)
		at javax.servlet.http.HttpServlet.service(HttpServlet.java:623)
		at org.apache.jasper.servlet.JspServletWrapper.service(JspServletWrapper.java:466)
		at org.apache.jasper.servlet.JspServlet.serviceJspFile(JspServlet.java:376)
		at org.apache.jasper.servlet.JspServlet.service(JspServlet.java:324)
		at javax.servlet.http.HttpServlet.service(HttpServlet.java:623)
		at org.apache.catalina.core.ApplicationFilterChain.internalDoFilter(ApplicationFilterChain.java:199)
		at org.apache.catalina.core.ApplicationFilterChain.doFilter(ApplicationFilterChain.java:144)
		at org.apache.tomcat.websocket.server.WsFilter.doFilter(WsFilter.java:51)
		at org.apache.catalina.core.ApplicationFilterChain.internalDoFilter(ApplicationFilterChain.java:168)
		at org.apache.catalina.core.ApplicationFilterChain.doFilter(ApplicationFilterChain.java:144)
		at org.apache.catalina.core.StandardWrapperValve.invoke(StandardWrapperValve.java:168)
		at org.apache.catalina.core.StandardContextValve.invoke(StandardContextValve.java:90)
		at org.apache.catalina.authenticator.AuthenticatorBase.invoke(AuthenticatorBase.java:482)
		at org.apache.catalina.core.StandardHostValve.invoke(StandardHostValve.java:130)
		at org.apache.catalina.valves.ErrorReportValve.invoke(ErrorReportValve.java:93)
		at org.apache.catalina.valves.AbstractAccessLogValve.invoke(AbstractAccessLogValve.java:660)
		at org.apache.catalina.core.StandardEngineValve.invoke(StandardEngineValve.java:74)
		at org.apache.catalina.connector.CoyoteAdapter.service(CoyoteAdapter.java:346)
		at org.apache.coyote.http11.Http11Processor.service(Http11Processor.java:396)
		at org.apache.coyote.AbstractProcessorLight.process(AbstractProcessorLight.java:63)
		at org.apache.coyote.AbstractProtocol$ConnectionHandler.process(AbstractProtocol.java:937)
		at org.apache.tomcat.util.net.NioEndpoint$SocketProcessor.doRun(NioEndpoint.java:1791)
		at org.apache.tomcat.util.net.SocketProcessorBase.run(SocketProcessorBase.java:52)
		at org.apache.tomcat.util.threads.ThreadPoolExecutor.runWorker(ThreadPoolExecutor.java:1190)
		at org.apache.tomcat.util.threads.ThreadPoolExecutor$Worker.run(ThreadPoolExecutor.java:659)
		at org.apache.tomcat.util.threads.TaskThread$WrappingRunnable.run(TaskThread.java:63)
		at java.base/java.lang.Thread.run(Thread.java:1575)
31-May-2026 11:03:07.534 SEVERE [http-nio-8082-exec-10] org.apache.catalina.core.ApplicationDispatcher.invoke Servlet.service() for servlet [jsp] threw exception
	java.lang.ClassNotFoundException: org.apache.jsp.individualDashboard_jsp
		at java.base/java.net.URLClassLoader.findClass(URLClassLoader.java:445)
		at org.apache.jasper.servlet.JasperLoader.loadClass(JasperLoader.java:129)
		at org.apache.jasper.servlet.JasperLoader.loadClass(JasperLoader.java:58)
		at org.apache.catalina.core.DefaultInstanceManager.newInstance(DefaultInstanceManager.java:150)
		at org.apache.jasper.servlet.JspServletWrapper.getServlet(JspServletWrapper.java:192)
		at org.apache.jasper.servlet.JspServletWrapper.service(JspServletWrapper.java:413)
		at org.apache.jasper.servlet.JspServlet.serviceJspFile(JspServlet.java:376)
		at org.apache.jasper.servlet.JspServlet.service(JspServlet.java:324)
		at javax.servlet.http.HttpServlet.service(HttpServlet.java:623)
		at org.apache.catalina.core.ApplicationFilterChain.internalDoFilter(ApplicationFilterChain.java:199)
		at org.apache.catalina.core.ApplicationFilterChain.doFilter(ApplicationFilterChain.java:144)
		at org.apache.catalina.core.ApplicationDispatcher.invoke(ApplicationDispatcher.java:642)
		at org.apache.catalina.core.ApplicationDispatcher.doInclude(ApplicationDispatcher.java:518)
		at org.apache.catalina.core.ApplicationDispatcher.include(ApplicationDispatcher.java:461)
		at org.apache.jasper.runtime.JspRuntimeLibrary.include(JspRuntimeLibrary.java:994)
		at org.apache.jsp.index_jsp._jspService(index_jsp.java:764)
		at org.apache.jasper.runtime.HttpJspBase.service(HttpJspBase.java:67)
		at javax.servlet.http.HttpServlet.service(HttpServlet.java:623)
		at org.apache.jasper.servlet.JspServletWrapper.service(JspServletWrapper.java:466)
		at org.apache.jasper.servlet.JspServlet.serviceJspFile(JspServlet.java:376)
		at org.apache.jasper.servlet.JspServlet.service(JspServlet.java:324)
		at javax.servlet.http.HttpServlet.service(HttpServlet.java:623)
		at org.apache.catalina.core.ApplicationFilterChain.internalDoFilter(ApplicationFilterChain.java:199)
		at org.apache.catalina.core.ApplicationFilterChain.doFilter(ApplicationFilterChain.java:144)
		at org.apache.tomcat.websocket.server.WsFilter.doFilter(WsFilter.java:51)
		at org.apache.catalina.core.ApplicationFilterChain.internalDoFilter(ApplicationFilterChain.java:168)
		at org.apache.catalina.core.ApplicationFilterChain.doFilter(ApplicationFilterChain.java:144)
		at org.apache.catalina.core.StandardWrapperValve.invoke(StandardWrapperValve.java:168)
		at org.apache.catalina.core.StandardContextValve.invoke(StandardContextValve.java:90)
		at org.apache.catalina.authenticator.AuthenticatorBase.invoke(AuthenticatorBase.java:482)
		at org.apache.catalina.core.StandardHostValve.invoke(StandardHostValve.java:130)
		at org.apache.catalina.valves.ErrorReportValve.invoke(ErrorReportValve.java:93)
		at org.apache.catalina.valves.AbstractAccessLogValve.invoke(AbstractAccessLogValve.java:660)
		at org.apache.catalina.core.StandardEngineValve.invoke(StandardEngineValve.java:74)
		at org.apache.catalina.connector.CoyoteAdapter.service(CoyoteAdapter.java:346)
		at org.apache.coyote.http11.Http11Processor.service(Http11Processor.java:396)
		at org.apache.coyote.AbstractProcessorLight.process(AbstractProcessorLight.java:63)
		at org.apache.coyote.AbstractProtocol$ConnectionHandler.process(AbstractProtocol.java:937)
		at org.apache.tomcat.util.net.NioEndpoint$SocketProcessor.doRun(NioEndpoint.java:1791)
		at org.apache.tomcat.util.net.SocketProcessorBase.run(SocketProcessorBase.java:52)
		at org.apache.tomcat.util.threads.ThreadPoolExecutor.runWorker(ThreadPoolExecutor.java:1190)
		at org.apache.tomcat.util.threads.ThreadPoolExecutor$Worker.run(ThreadPoolExecutor.java:659)
		at org.apache.tomcat.util.threads.TaskThread$WrappingRunnable.run(TaskThread.java:63)
		at java.base/java.lang.Thread.run(Thread.java:1575)
31-May-2026 11:03:07.539 SEVERE [http-nio-8082-exec-10] org.apache.catalina.core.StandardWrapperValve.invoke Servlet.service() for servlet [jsp] in context with path [] threw exception [An exception occurred processing [/index.jsp] at line [614]

611:         <%
612:             if ("individual".equals(currentPage)) {
613:         %>
614:             <jsp:include page="individualDashboard.jsp" />
615:         <%
616:             } else if ("group".equals(currentPage)) {
617:         %>


Stacktrace:] with root cause
	java.lang.ClassNotFoundException: org.apache.jsp.individualDashboard_jsp
		at java.base/java.net.URLClassLoader.findClass(URLClassLoader.java:445)
		at org.apache.jasper.servlet.JasperLoader.loadClass(JasperLoader.java:129)
		at org.apache.jasper.servlet.JasperLoader.loadClass(JasperLoader.java:58)
		at org.apache.catalina.core.DefaultInstanceManager.newInstance(DefaultInstanceManager.java:150)
		at org.apache.jasper.servlet.JspServletWrapper.getServlet(JspServletWrapper.java:192)
		at org.apache.jasper.servlet.JspServletWrapper.service(JspServletWrapper.java:413)
		at org.apache.jasper.servlet.JspServlet.serviceJspFile(JspServlet.java:376)
		at org.apache.jasper.servlet.JspServlet.service(JspServlet.java:324)
		at javax.servlet.http.HttpServlet.service(HttpServlet.java:623)
		at org.apache.catalina.core.ApplicationFilterChain.internalDoFilter(ApplicationFilterChain.java:199)
		at org.apache.catalina.core.ApplicationFilterChain.doFilter(ApplicationFilterChain.java:144)
		at org.apache.catalina.core.ApplicationDispatcher.invoke(ApplicationDispatcher.java:642)
		at org.apache.catalina.core.ApplicationDispatcher.doInclude(ApplicationDispatcher.java:518)
		at org.apache.catalina.core.ApplicationDispatcher.include(ApplicationDispatcher.java:461)
		at org.apache.jasper.runtime.JspRuntimeLibrary.include(JspRuntimeLibrary.java:994)
		at org.apache.jsp.index_jsp._jspService(index_jsp.java:764)
		at org.apache.jasper.runtime.HttpJspBase.service(HttpJspBase.java:67)
		at javax.servlet.http.HttpServlet.service(HttpServlet.java:623)
		at org.apache.jasper.servlet.JspServletWrapper.service(JspServletWrapper.java:466)
		at org.apache.jasper.servlet.JspServlet.serviceJspFile(JspServlet.java:376)
		at org.apache.jasper.servlet.JspServlet.service(JspServlet.java:324)
		at javax.servlet.http.HttpServlet.service(HttpServlet.java:623)
		at org.apache.catalina.core.ApplicationFilterChain.internalDoFilter(ApplicationFilterChain.java:199)
		at org.apache.catalina.core.ApplicationFilterChain.doFilter(ApplicationFilterChain.java:144)
		at org.apache.tomcat.websocket.server.WsFilter.doFilter(WsFilter.java:51)
		at org.apache.catalina.core.ApplicationFilterChain.internalDoFilter(ApplicationFilterChain.java:168)
		at org.apache.catalina.core.ApplicationFilterChain.doFilter(ApplicationFilterChain.java:144)
		at org.apache.catalina.core.StandardWrapperValve.invoke(StandardWrapperValve.java:168)
		at org.apache.catalina.core.StandardContextValve.invoke(StandardContextValve.java:90)
		at org.apache.catalina.authenticator.AuthenticatorBase.invoke(AuthenticatorBase.java:482)
		at org.apache.catalina.core.StandardHostValve.invoke(StandardHostValve.java:130)
		at org.apache.catalina.valves.ErrorReportValve.invoke(ErrorReportValve.java:93)
		at org.apache.catalina.valves.AbstractAccessLogValve.invoke(AbstractAccessLogValve.java:660)
		at org.apache.catalina.core.StandardEngineValve.invoke(StandardEngineValve.java:74)
		at org.apache.catalina.connector.CoyoteAdapter.service(CoyoteAdapter.java:346)
		at org.apache.coyote.http11.Http11Processor.service(Http11Processor.java:396)
		at org.apache.coyote.AbstractProcessorLight.process(AbstractProcessorLight.java:63)
		at org.apache.coyote.AbstractProtocol$ConnectionHandler.process(AbstractProtocol.java:937)
		at org.apache.tomcat.util.net.NioEndpoint$SocketProcessor.doRun(NioEndpoint.java:1791)
		at org.apache.tomcat.util.net.SocketProcessorBase.run(SocketProcessorBase.java:52)
		at org.apache.tomcat.util.threads.ThreadPoolExecutor.runWorker(ThreadPoolExecutor.java:1190)
		at org.apache.tomcat.util.threads.ThreadPoolExecutor$Worker.run(ThreadPoolExecutor.java:659)
		at org.apache.tomcat.util.threads.TaskThread$WrappingRunnable.run(TaskThread.java:63)
		at java.base/java.lang.Thread.run(Thread.java:1575)
31-May-2026 11:03:07.746 SEVERE [http-nio-8082-exec-2] org.apache.catalina.core.ApplicationDispatcher.invoke Servlet.service() for servlet [jsp] threw exception
	java.lang.ClassNotFoundException: org.apache.jsp.individualDashboard_jsp
		at java.base/java.net.URLClassLoader.findClass(URLClassLoader.java:445)
		at org.apache.jasper.servlet.JasperLoader.loadClass(JasperLoader.java:129)
		at org.apache.jasper.servlet.JasperLoader.loadClass(JasperLoader.java:58)
		at org.apache.catalina.core.DefaultInstanceManager.newInstance(DefaultInstanceManager.java:150)
		at org.apache.jasper.servlet.JspServletWrapper.getServlet(JspServletWrapper.java:192)
		at org.apache.jasper.servlet.JspServletWrapper.service(JspServletWrapper.java:413)
		at org.apache.jasper.servlet.JspServlet.serviceJspFile(JspServlet.java:376)
		at org.apache.jasper.servlet.JspServlet.service(JspServlet.java:324)
		at javax.servlet.http.HttpServlet.service(HttpServlet.java:623)
		at org.apache.catalina.core.ApplicationFilterChain.internalDoFilter(ApplicationFilterChain.java:199)
		at org.apache.catalina.core.ApplicationFilterChain.doFilter(ApplicationFilterChain.java:144)
		at org.apache.catalina.core.ApplicationDispatcher.invoke(ApplicationDispatcher.java:642)
		at org.apache.catalina.core.ApplicationDispatcher.doInclude(ApplicationDispatcher.java:518)
		at org.apache.catalina.core.ApplicationDispatcher.include(ApplicationDispatcher.java:461)
		at org.apache.jasper.runtime.JspRuntimeLibrary.include(JspRuntimeLibrary.java:994)
		at org.apache.jsp.index_jsp._jspService(index_jsp.java:764)
		at org.apache.jasper.runtime.HttpJspBase.service(HttpJspBase.java:67)
		at javax.servlet.http.HttpServlet.service(HttpServlet.java:623)
		at org.apache.jasper.servlet.JspServletWrapper.service(JspServletWrapper.java:466)
		at org.apache.jasper.servlet.JspServlet.serviceJspFile(JspServlet.java:376)
		at org.apache.jasper.servlet.JspServlet.service(JspServlet.java:324)
		at javax.servlet.http.HttpServlet.service(HttpServlet.java:623)
		at org.apache.catalina.core.ApplicationFilterChain.internalDoFilter(ApplicationFilterChain.java:199)
		at org.apache.catalina.core.ApplicationFilterChain.doFilter(ApplicationFilterChain.java:144)
		at org.apache.tomcat.websocket.server.WsFilter.doFilter(WsFilter.java:51)
		at org.apache.catalina.core.ApplicationFilterChain.internalDoFilter(ApplicationFilterChain.java:168)
		at org.apache.catalina.core.ApplicationFilterChain.doFilter(ApplicationFilterChain.java:144)
		at org.apache.catalina.core.StandardWrapperValve.invoke(StandardWrapperValve.java:168)
		at org.apache.catalina.core.StandardContextValve.invoke(StandardContextValve.java:90)
		at org.apache.catalina.authenticator.AuthenticatorBase.invoke(AuthenticatorBase.java:482)
		at org.apache.catalina.core.StandardHostValve.invoke(StandardHostValve.java:130)
		at org.apache.catalina.valves.ErrorReportValve.invoke(ErrorReportValve.java:93)
		at org.apache.catalina.valves.AbstractAccessLogValve.invoke(AbstractAccessLogValve.java:660)
		at org.apache.catalina.core.StandardEngineValve.invoke(StandardEngineValve.java:74)
		at org.apache.catalina.connector.CoyoteAdapter.service(CoyoteAdapter.java:346)
		at org.apache.coyote.http11.Http11Processor.service(Http11Processor.java:396)
		at org.apache.coyote.AbstractProcessorLight.process(AbstractProcessorLight.java:63)
		at org.apache.coyote.AbstractProtocol$ConnectionHandler.process(AbstractProtocol.java:937)
		at org.apache.tomcat.util.net.NioEndpoint$SocketProcessor.doRun(NioEndpoint.java:1791)
		at org.apache.tomcat.util.net.SocketProcessorBase.run(SocketProcessorBase.java:52)
		at org.apache.tomcat.util.threads.ThreadPoolExecutor.runWorker(ThreadPoolExecutor.java:1190)
		at org.apache.tomcat.util.threads.ThreadPoolExecutor$Worker.run(ThreadPoolExecutor.java:659)
		at org.apache.tomcat.util.threads.TaskThread$WrappingRunnable.run(TaskThread.java:63)
		at java.base/java.lang.Thread.run(Thread.java:1575)
31-May-2026 11:03:07.747 SEVERE [http-nio-8082-exec-2] org.apache.catalina.core.StandardWrapperValve.invoke Servlet.service() for servlet [jsp] in context with path [] threw exception [An exception occurred processing [/index.jsp] at line [614]

611:         <%
612:             if ("individual".equals(currentPage)) {
613:         %>
614:             <jsp:include page="individualDashboard.jsp" />
615:         <%
616:             } else if ("group".equals(currentPage)) {
617:         %>


Stacktrace:] with root cause
	java.lang.ClassNotFoundException: org.apache.jsp.individualDashboard_jsp
		at java.base/java.net.URLClassLoader.findClass(URLClassLoader.java:445)
		at org.apache.jasper.servlet.JasperLoader.loadClass(JasperLoader.java:129)
		at org.apache.jasper.servlet.JasperLoader.loadClass(JasperLoader.java:58)
		at org.apache.catalina.core.DefaultInstanceManager.newInstance(DefaultInstanceManager.java:150)
		at org.apache.jasper.servlet.JspServletWrapper.getServlet(JspServletWrapper.java:192)
		at org.apache.jasper.servlet.JspServletWrapper.service(JspServletWrapper.java:413)
		at org.apache.jasper.servlet.JspServlet.serviceJspFile(JspServlet.java:376)
		at org.apache.jasper.servlet.JspServlet.service(JspServlet.java:324)
		at javax.servlet.http.HttpServlet.service(HttpServlet.java:623)
		at org.apache.catalina.core.ApplicationFilterChain.internalDoFilter(ApplicationFilterChain.java:199)
		at org.apache.catalina.core.ApplicationFilterChain.doFilter(ApplicationFilterChain.java:144)
		at org.apache.catalina.core.ApplicationDispatcher.invoke(ApplicationDispatcher.java:642)
		at org.apache.catalina.core.ApplicationDispatcher.doInclude(ApplicationDispatcher.java:518)
		at org.apache.catalina.core.ApplicationDispatcher.include(ApplicationDispatcher.java:461)
		at org.apache.jasper.runtime.JspRuntimeLibrary.include(JspRuntimeLibrary.java:994)
		at org.apache.jsp.index_jsp._jspService(index_jsp.java:764)
		at org.apache.jasper.runtime.HttpJspBase.service(HttpJspBase.java:67)
		at javax.servlet.http.HttpServlet.service(HttpServlet.java:623)
		at org.apache.jasper.servlet.JspServletWrapper.service(JspServletWrapper.java:466)
		at org.apache.jasper.servlet.JspServlet.serviceJspFile(JspServlet.java:376)
		at org.apache.jasper.servlet.JspServlet.service(JspServlet.java:324)
		at javax.servlet.http.HttpServlet.service(HttpServlet.java:623)
		at org.apache.catalina.core.ApplicationFilterChain.internalDoFilter(ApplicationFilterChain.java:199)
		at org.apache.catalina.core.ApplicationFilterChain.doFilter(ApplicationFilterChain.java:144)
		at org.apache.tomcat.websocket.server.WsFilter.doFilter(WsFilter.java:51)
		at org.apache.catalina.core.ApplicationFilterChain.internalDoFilter(ApplicationFilterChain.java:168)
		at org.apache.catalina.core.ApplicationFilterChain.doFilter(ApplicationFilterChain.java:144)
		at org.apache.catalina.core.StandardWrapperValve.invoke(StandardWrapperValve.java:168)
		at org.apache.catalina.core.StandardContextValve.invoke(StandardContextValve.java:90)
		at org.apache.catalina.authenticator.AuthenticatorBase.invoke(AuthenticatorBase.java:482)
		at org.apache.catalina.core.StandardHostValve.invoke(StandardHostValve.java:130)
		at org.apache.catalina.valves.ErrorReportValve.invoke(ErrorReportValve.java:93)
		at org.apache.catalina.valves.AbstractAccessLogValve.invoke(AbstractAccessLogValve.java:660)
		at org.apache.catalina.core.StandardEngineValve.invoke(StandardEngineValve.java:74)
		at org.apache.catalina.connector.CoyoteAdapter.service(CoyoteAdapter.java:346)
		at org.apache.coyote.http11.Http11Processor.service(Http11Processor.java:396)
		at org.apache.coyote.AbstractProcessorLight.process(AbstractProcessorLight.java:63)
		at org.apache.coyote.AbstractProtocol$ConnectionHandler.process(AbstractProtocol.java:937)
		at org.apache.tomcat.util.net.NioEndpoint$SocketProcessor.doRun(NioEndpoint.java:1791)
		at org.apache.tomcat.util.net.SocketProcessorBase.run(SocketProcessorBase.java:52)
		at org.apache.tomcat.util.threads.ThreadPoolExecutor.runWorker(ThreadPoolExecutor.java:1190)
		at org.apache.tomcat.util.threads.ThreadPoolExecutor$Worker.run(ThreadPoolExecutor.java:659)
		at org.apache.tomcat.util.threads.TaskThread$WrappingRunnable.run(TaskThread.java:63)
		at java.base/java.lang.Thread.run(Thread.java:1575)
31-May-2026 11:03:08.517 SEVERE [http-nio-8082-exec-1] org.apache.catalina.core.ApplicationDispatcher.invoke Servlet.service() for servlet [jsp] threw exception
	java.lang.ClassNotFoundException: org.apache.jsp.individualDashboard_jsp
		at java.base/java.net.URLClassLoader.findClass(URLClassLoader.java:445)
		at org.apache.jasper.servlet.JasperLoader.loadClass(JasperLoader.java:129)
		at org.apache.jasper.servlet.JasperLoader.loadClass(JasperLoader.java:58)
		at org.apache.catalina.core.DefaultInstanceManager.newInstance(DefaultInstanceManager.java:150)
		at org.apache.jasper.servlet.JspServletWrapper.getServlet(JspServletWrapper.java:192)
		at org.apache.jasper.servlet.JspServletWrapper.service(JspServletWrapper.java:413)
		at org.apache.jasper.servlet.JspServlet.serviceJspFile(JspServlet.java:376)
		at org.apache.jasper.servlet.JspServlet.service(JspServlet.java:324)
		at javax.servlet.http.HttpServlet.service(HttpServlet.java:623)
		at org.apache.catalina.core.ApplicationFilterChain.internalDoFilter(ApplicationFilterChain.java:199)
		at org.apache.catalina.core.ApplicationFilterChain.doFilter(ApplicationFilterChain.java:144)
		at org.apache.catalina.core.ApplicationDispatcher.invoke(ApplicationDispatcher.java:642)
		at org.apache.catalina.core.ApplicationDispatcher.doInclude(ApplicationDispatcher.java:518)
		at org.apache.catalina.core.ApplicationDispatcher.include(ApplicationDispatcher.java:461)
		at org.apache.jasper.runtime.JspRuntimeLibrary.include(JspRuntimeLibrary.java:994)
		at org.apache.jsp.index_jsp._jspService(index_jsp.java:764)
		at org.apache.jasper.runtime.HttpJspBase.service(HttpJspBase.java:67)
		at javax.servlet.http.HttpServlet.service(HttpServlet.java:623)
		at org.apache.jasper.servlet.JspServletWrapper.service(JspServletWrapper.java:466)
		at org.apache.jasper.servlet.JspServlet.serviceJspFile(JspServlet.java:376)
		at org.apache.jasper.servlet.JspServlet.service(JspServlet.java:324)
		at javax.servlet.http.HttpServlet.service(HttpServlet.java:623)
		at org.apache.catalina.core.ApplicationFilterChain.internalDoFilter(ApplicationFilterChain.java:199)
		at org.apache.catalina.core.ApplicationFilterChain.doFilter(ApplicationFilterChain.java:144)
		at org.apache.tomcat.websocket.server.WsFilter.doFilter(WsFilter.java:51)
		at org.apache.catalina.core.ApplicationFilterChain.internalDoFilter(ApplicationFilterChain.java:168)
		at org.apache.catalina.core.ApplicationFilterChain.doFilter(ApplicationFilterChain.java:144)
		at org.apache.catalina.core.StandardWrapperValve.invoke(StandardWrapperValve.java:168)
		at org.apache.catalina.core.StandardContextValve.invoke(StandardContextValve.java:90)
		at org.apache.catalina.authenticator.AuthenticatorBase.invoke(AuthenticatorBase.java:482)
		at org.apache.catalina.core.StandardHostValve.invoke(StandardHostValve.java:130)
		at org.apache.catalina.valves.ErrorReportValve.invoke(ErrorReportValve.java:93)
		at org.apache.catalina.valves.AbstractAccessLogValve.invoke(AbstractAccessLogValve.java:660)
		at org.apache.catalina.core.StandardEngineValve.invoke(StandardEngineValve.java:74)
		at org.apache.catalina.connector.CoyoteAdapter.service(CoyoteAdapter.java:346)
		at org.apache.coyote.http11.Http11Processor.service(Http11Processor.java:396)
		at org.apache.coyote.AbstractProcessorLight.process(AbstractProcessorLight.java:63)
		at org.apache.coyote.AbstractProtocol$ConnectionHandler.process(AbstractProtocol.java:937)
		at org.apache.tomcat.util.net.NioEndpoint$SocketProcessor.doRun(NioEndpoint.java:1791)
		at org.apache.tomcat.util.net.SocketProcessorBase.run(SocketProcessorBase.java:52)
		at org.apache.tomcat.util.threads.ThreadPoolExecutor.runWorker(ThreadPoolExecutor.java:1190)
		at org.apache.tomcat.util.threads.ThreadPoolExecutor$Worker.run(ThreadPoolExecutor.java:659)
		at org.apache.tomcat.util.threads.TaskThread$WrappingRunnable.run(TaskThread.java:63)
		at java.base/java.lang.Thread.run(Thread.java:1575)
31-May-2026 11:03:08.520 SEVERE [http-nio-8082-exec-1] org.apache.catalina.core.StandardWrapperValve.invoke Servlet.service() for servlet [jsp] in context with path [] threw exception [An exception occurred processing [/index.jsp] at line [614]

611:         <%
612:             if ("individual".equals(currentPage)) {
613:         %>
614:             <jsp:include page="individualDashboard.jsp" />
615:         <%
616:             } else if ("group".equals(currentPage)) {
617:         %>


Stacktrace:] with root cause
	java.lang.ClassNotFoundException: org.apache.jsp.individualDashboard_jsp
		at java.base/java.net.URLClassLoader.findClass(URLClassLoader.java:445)
		at org.apache.jasper.servlet.JasperLoader.loadClass(JasperLoader.java:129)
		at org.apache.jasper.servlet.JasperLoader.loadClass(JasperLoader.java:58)
		at org.apache.catalina.core.DefaultInstanceManager.newInstance(DefaultInstanceManager.java:150)
		at org.apache.jasper.servlet.JspServletWrapper.getServlet(JspServletWrapper.java:192)
		at org.apache.jasper.servlet.JspServletWrapper.service(JspServletWrapper.java:413)
		at org.apache.jasper.servlet.JspServlet.serviceJspFile(JspServlet.java:376)
		at org.apache.jasper.servlet.JspServlet.service(JspServlet.java:324)
		at javax.servlet.http.HttpServlet.service(HttpServlet.java:623)
		at org.apache.catalina.core.ApplicationFilterChain.internalDoFilter(ApplicationFilterChain.java:199)
		at org.apache.catalina.core.ApplicationFilterChain.doFilter(ApplicationFilterChain.java:144)
		at org.apache.catalina.core.ApplicationDispatcher.invoke(ApplicationDispatcher.java:642)
		at org.apache.catalina.core.ApplicationDispatcher.doInclude(ApplicationDispatcher.java:518)
		at org.apache.catalina.core.ApplicationDispatcher.include(ApplicationDispatcher.java:461)
		at org.apache.jasper.runtime.JspRuntimeLibrary.include(JspRuntimeLibrary.java:994)
		at org.apache.jsp.index_jsp._jspService(index_jsp.java:764)
		at org.apache.jasper.runtime.HttpJspBase.service(HttpJspBase.java:67)
		at javax.servlet.http.HttpServlet.service(HttpServlet.java:623)
		at org.apache.jasper.servlet.JspServletWrapper.service(JspServletWrapper.java:466)
		at org.apache.jasper.servlet.JspServlet.serviceJspFile(JspServlet.java:376)
		at org.apache.jasper.servlet.JspServlet.service(JspServlet.java:324)
		at javax.servlet.http.HttpServlet.service(HttpServlet.java:623)
		at org.apache.catalina.core.ApplicationFilterChain.internalDoFilter(ApplicationFilterChain.java:199)
		at org.apache.catalina.core.ApplicationFilterChain.doFilter(ApplicationFilterChain.java:144)
		at org.apache.tomcat.websocket.server.WsFilter.doFilter(WsFilter.java:51)
		at org.apache.catalina.core.ApplicationFilterChain.internalDoFilter(ApplicationFilterChain.java:168)
		at org.apache.catalina.core.ApplicationFilterChain.doFilter(ApplicationFilterChain.java:144)
		at org.apache.catalina.core.StandardWrapperValve.invoke(StandardWrapperValve.java:168)
		at org.apache.catalina.core.StandardContextValve.invoke(StandardContextValve.java:90)
		at org.apache.catalina.authenticator.AuthenticatorBase.invoke(AuthenticatorBase.java:482)
		at org.apache.catalina.core.StandardHostValve.invoke(StandardHostValve.java:130)
		at org.apache.catalina.valves.ErrorReportValve.invoke(ErrorReportValve.java:93)
		at org.apache.catalina.valves.AbstractAccessLogValve.invoke(AbstractAccessLogValve.java:660)
		at org.apache.catalina.core.StandardEngineValve.invoke(StandardEngineValve.java:74)
		at org.apache.catalina.connector.CoyoteAdapter.service(CoyoteAdapter.java:346)
		at org.apache.coyote.http11.Http11Processor.service(Http11Processor.java:396)
		at org.apache.coyote.AbstractProcessorLight.process(AbstractProcessorLight.java:63)
		at org.apache.coyote.AbstractProtocol$ConnectionHandler.process(AbstractProtocol.java:937)
		at org.apache.tomcat.util.net.NioEndpoint$SocketProcessor.doRun(NioEndpoint.java:1791)
		at org.apache.tomcat.util.net.SocketProcessorBase.run(SocketProcessorBase.java:52)
		at org.apache.tomcat.util.threads.ThreadPoolExecutor.runWorker(ThreadPoolExecutor.java:1190)
		at org.apache.tomcat.util.threads.ThreadPoolExecutor$Worker.run(ThreadPoolExecutor.java:659)
		at org.apache.tomcat.util.threads.TaskThread$WrappingRunnable.run(TaskThread.java:63)
		at java.base/java.lang.Thread.run(Thread.java:1575)
31-May-2026 11:03:08.634 SEVERE [http-nio-8082-exec-3] org.apache.catalina.core.ApplicationDispatcher.invoke Servlet.service() for servlet [jsp] threw exception
	java.lang.ClassNotFoundException: org.apache.jsp.individualDashboard_jsp
		at java.base/java.net.URLClassLoader.findClass(URLClassLoader.java:445)
		at org.apache.jasper.servlet.JasperLoader.loadClass(JasperLoader.java:129)
		at org.apache.jasper.servlet.JasperLoader.loadClass(JasperLoader.java:58)
		at org.apache.catalina.core.DefaultInstanceManager.newInstance(DefaultInstanceManager.java:150)
		at org.apache.jasper.servlet.JspServletWrapper.getServlet(JspServletWrapper.java:192)
		at org.apache.jasper.servlet.JspServletWrapper.service(JspServletWrapper.java:413)
		at org.apache.jasper.servlet.JspServlet.serviceJspFile(JspServlet.java:376)
		at org.apache.jasper.servlet.JspServlet.service(JspServlet.java:324)
		at javax.servlet.http.HttpServlet.service(HttpServlet.java:623)
		at org.apache.catalina.core.ApplicationFilterChain.internalDoFilter(ApplicationFilterChain.java:199)
		at org.apache.catalina.core.ApplicationFilterChain.doFilter(ApplicationFilterChain.java:144)
		at org.apache.catalina.core.ApplicationDispatcher.invoke(ApplicationDispatcher.java:642)
		at org.apache.catalina.core.ApplicationDispatcher.doInclude(ApplicationDispatcher.java:518)
		at org.apache.catalina.core.ApplicationDispatcher.include(ApplicationDispatcher.java:461)
		at org.apache.jasper.runtime.JspRuntimeLibrary.include(JspRuntimeLibrary.java:994)
		at org.apache.jsp.index_jsp._jspService(index_jsp.java:764)
		at org.apache.jasper.runtime.HttpJspBase.service(HttpJspBase.java:67)
		at javax.servlet.http.HttpServlet.service(HttpServlet.java:623)
		at org.apache.jasper.servlet.JspServletWrapper.service(JspServletWrapper.java:466)
		at org.apache.jasper.servlet.JspServlet.serviceJspFile(JspServlet.java:376)
		at org.apache.jasper.servlet.JspServlet.service(JspServlet.java:324)
		at javax.servlet.http.HttpServlet.service(HttpServlet.java:623)
		at org.apache.catalina.core.ApplicationFilterChain.internalDoFilter(ApplicationFilterChain.java:199)
		at org.apache.catalina.core.ApplicationFilterChain.doFilter(ApplicationFilterChain.java:144)
		at org.apache.tomcat.websocket.server.WsFilter.doFilter(WsFilter.java:51)
		at org.apache.catalina.core.ApplicationFilterChain.internalDoFilter(ApplicationFilterChain.java:168)
		at org.apache.catalina.core.ApplicationFilterChain.doFilter(ApplicationFilterChain.java:144)
		at org.apache.catalina.core.StandardWrapperValve.invoke(StandardWrapperValve.java:168)
		at org.apache.catalina.core.StandardContextValve.invoke(StandardContextValve.java:90)
		at org.apache.catalina.authenticator.AuthenticatorBase.invoke(AuthenticatorBase.java:482)
		at org.apache.catalina.core.StandardHostValve.invoke(StandardHostValve.java:130)
		at org.apache.catalina.valves.ErrorReportValve.invoke(ErrorReportValve.java:93)
		at org.apache.catalina.valves.AbstractAccessLogValve.invoke(AbstractAccessLogValve.java:660)
		at org.apache.catalina.core.StandardEngineValve.invoke(StandardEngineValve.java:74)
		at org.apache.catalina.connector.CoyoteAdapter.service(CoyoteAdapter.java:346)
		at org.apache.coyote.http11.Http11Processor.service(Http11Processor.java:396)
		at org.apache.coyote.AbstractProcessorLight.process(AbstractProcessorLight.java:63)
		at org.apache.coyote.AbstractProtocol$ConnectionHandler.process(AbstractProtocol.java:937)
		at org.apache.tomcat.util.net.NioEndpoint$SocketProcessor.doRun(NioEndpoint.java:1791)
		at org.apache.tomcat.util.net.SocketProcessorBase.run(SocketProcessorBase.java:52)
		at org.apache.tomcat.util.threads.ThreadPoolExecutor.runWorker(ThreadPoolExecutor.java:1190)
		at org.apache.tomcat.util.threads.ThreadPoolExecutor$Worker.run(ThreadPoolExecutor.java:659)
		at org.apache.tomcat.util.threads.TaskThread$WrappingRunnable.run(TaskThread.java:63)
		at java.base/java.lang.Thread.run(Thread.java:1575)
31-May-2026 11:03:08.637 SEVERE [http-nio-8082-exec-3] org.apache.catalina.core.StandardWrapperValve.invoke Servlet.service() for servlet [jsp] in context with path [] threw exception [An exception occurred processing [/index.jsp] at line [614]

611:         <%
612:             if ("individual".equals(currentPage)) {
613:         %>
614:             <jsp:include page="individualDashboard.jsp" />
615:         <%
616:             } else if ("group".equals(currentPage)) {
617:         %>


Stacktrace:] with root cause
	java.lang.ClassNotFoundException: org.apache.jsp.individualDashboard_jsp
		at java.base/java.net.URLClassLoader.findClass(URLClassLoader.java:445)
		at org.apache.jasper.servlet.JasperLoader.loadClass(JasperLoader.java:129)
		at org.apache.jasper.servlet.JasperLoader.loadClass(JasperLoader.java:58)
		at org.apache.catalina.core.DefaultInstanceManager.newInstance(DefaultInstanceManager.java:150)
		at org.apache.jasper.servlet.JspServletWrapper.getServlet(JspServletWrapper.java:192)
		at org.apache.jasper.servlet.JspServletWrapper.service(JspServletWrapper.java:413)
		at org.apache.jasper.servlet.JspServlet.serviceJspFile(JspServlet.java:376)
		at org.apache.jasper.servlet.JspServlet.service(JspServlet.java:324)
		at javax.servlet.http.HttpServlet.service(HttpServlet.java:623)
		at org.apache.catalina.core.ApplicationFilterChain.internalDoFilter(ApplicationFilterChain.java:199)
		at org.apache.catalina.core.ApplicationFilterChain.doFilter(ApplicationFilterChain.java:144)
		at org.apache.catalina.core.ApplicationDispatcher.invoke(ApplicationDispatcher.java:642)
		at org.apache.catalina.core.ApplicationDispatcher.doInclude(ApplicationDispatcher.java:518)
		at org.apache.catalina.core.ApplicationDispatcher.include(ApplicationDispatcher.java:461)
		at org.apache.jasper.runtime.JspRuntimeLibrary.include(JspRuntimeLibrary.java:994)
		at org.apache.jsp.index_jsp._jspService(index_jsp.java:764)
		at org.apache.jasper.runtime.HttpJspBase.service(HttpJspBase.java:67)
		at javax.servlet.http.HttpServlet.service(HttpServlet.java:623)
		at org.apache.jasper.servlet.JspServletWrapper.service(JspServletWrapper.java:466)
		at org.apache.jasper.servlet.JspServlet.serviceJspFile(JspServlet.java:376)
		at org.apache.jasper.servlet.JspServlet.service(JspServlet.java:324)
		at javax.servlet.http.HttpServlet.service(HttpServlet.java:623)
		at org.apache.catalina.core.ApplicationFilterChain.internalDoFilter(ApplicationFilterChain.java:199)
		at org.apache.catalina.core.ApplicationFilterChain.doFilter(ApplicationFilterChain.java:144)
		at org.apache.tomcat.websocket.server.WsFilter.doFilter(WsFilter.java:51)
		at org.apache.catalina.core.ApplicationFilterChain.internalDoFilter(ApplicationFilterChain.java:168)
		at org.apache.catalina.core.ApplicationFilterChain.doFilter(ApplicationFilterChain.java:144)
		at org.apache.catalina.core.StandardWrapperValve.invoke(StandardWrapperValve.java:168)
		at org.apache.catalina.core.StandardContextValve.invoke(StandardContextValve.java:90)
		at org.apache.catalina.authenticator.AuthenticatorBase.invoke(AuthenticatorBase.java:482)
		at org.apache.catalina.core.StandardHostValve.invoke(StandardHostValve.java:130)
		at org.apache.catalina.valves.ErrorReportValve.invoke(ErrorReportValve.java:93)
		at org.apache.catalina.valves.AbstractAccessLogValve.invoke(AbstractAccessLogValve.java:660)
		at org.apache.catalina.core.StandardEngineValve.invoke(StandardEngineValve.java:74)
		at org.apache.catalina.connector.CoyoteAdapter.service(CoyoteAdapter.java:346)
		at org.apache.coyote.http11.Http11Processor.service(Http11Processor.java:396)
		at org.apache.coyote.AbstractProcessorLight.process(AbstractProcessorLight.java:63)
		at org.apache.coyote.AbstractProtocol$ConnectionHandler.process(AbstractProtocol.java:937)
		at org.apache.tomcat.util.net.NioEndpoint$SocketProcessor.doRun(NioEndpoint.java:1791)
		at org.apache.tomcat.util.net.SocketProcessorBase.run(SocketProcessorBase.java:52)
		at org.apache.tomcat.util.threads.ThreadPoolExecutor.runWorker(ThreadPoolExecutor.java:1190)
		at org.apache.tomcat.util.threads.ThreadPoolExecutor$Worker.run(ThreadPoolExecutor.java:659)
		at org.apache.tomcat.util.threads.TaskThread$WrappingRunnable.run(TaskThread.java:63)
		at java.base/java.lang.Thread.run(Thread.java:1575)
31-May-2026 11:03:09.870 SEVERE [http-nio-8082-exec-6] org.apache.catalina.core.ApplicationDispatcher.invoke Servlet.service() for servlet [jsp] threw exception
	org.apache.jasper.JasperException: Unable to compile class for JSP: 

An error occurred at line: [520] in the jsp file: [/individualDashboard.jsp]
counter cannot be resolved to a variable
517:         %>
518:         </table>
519: 
520:         <% if (counter == 1) { %>
521:             <style>
522:                 .task-table { display: none; }
523:                 .empty-state-card {


Stacktrace:
		at org.apache.jasper.compiler.DefaultErrorHandler.javacError(DefaultErrorHandler.java:72)
		at org.apache.jasper.compiler.ErrorDispatcher.javacError(ErrorDispatcher.java:192)
		at org.apache.jasper.compiler.JDTCompiler.generateClass(JDTCompiler.java:542)
		at org.apache.jasper.compiler.Compiler.compile(Compiler.java:371)
		at org.apache.jasper.compiler.Compiler.compile(Compiler.java:343)
		at org.apache.jasper.compiler.Compiler.compile(Compiler.java:329)
		at org.apache.jasper.JspCompilationContext.compile(JspCompilationContext.java:603)
		at org.apache.jasper.servlet.JspServletWrapper.service(JspServletWrapper.java:399)
		at org.apache.jasper.servlet.JspServlet.serviceJspFile(JspServlet.java:376)
		at org.apache.jasper.servlet.JspServlet.service(JspServlet.java:324)
		at javax.servlet.http.HttpServlet.service(HttpServlet.java:623)
		at org.apache.catalina.core.ApplicationFilterChain.internalDoFilter(ApplicationFilterChain.java:199)
		at org.apache.catalina.core.ApplicationFilterChain.doFilter(ApplicationFilterChain.java:144)
		at org.apache.catalina.core.ApplicationDispatcher.invoke(ApplicationDispatcher.java:642)
		at org.apache.catalina.core.ApplicationDispatcher.doInclude(ApplicationDispatcher.java:518)
		at org.apache.catalina.core.ApplicationDispatcher.include(ApplicationDispatcher.java:461)
		at org.apache.jasper.runtime.JspRuntimeLibrary.include(JspRuntimeLibrary.java:994)
		at org.apache.jsp.index_jsp._jspService(index_jsp.java:764)
		at org.apache.jasper.runtime.HttpJspBase.service(HttpJspBase.java:67)
		at javax.servlet.http.HttpServlet.service(HttpServlet.java:623)
		at org.apache.jasper.servlet.JspServletWrapper.service(JspServletWrapper.java:466)
		at org.apache.jasper.servlet.JspServlet.serviceJspFile(JspServlet.java:376)
		at org.apache.jasper.servlet.JspServlet.service(JspServlet.java:324)
		at javax.servlet.http.HttpServlet.service(HttpServlet.java:623)
		at org.apache.catalina.core.ApplicationFilterChain.internalDoFilter(ApplicationFilterChain.java:199)
		at org.apache.catalina.core.ApplicationFilterChain.doFilter(ApplicationFilterChain.java:144)
		at org.apache.tomcat.websocket.server.WsFilter.doFilter(WsFilter.java:51)
		at org.apache.catalina.core.ApplicationFilterChain.internalDoFilter(ApplicationFilterChain.java:168)
		at org.apache.catalina.core.ApplicationFilterChain.doFilter(ApplicationFilterChain.java:144)
		at org.apache.catalina.core.StandardWrapperValve.invoke(StandardWrapperValve.java:168)
		at org.apache.catalina.core.StandardContextValve.invoke(StandardContextValve.java:90)
		at org.apache.catalina.authenticator.AuthenticatorBase.invoke(AuthenticatorBase.java:482)
		at org.apache.catalina.core.StandardHostValve.invoke(StandardHostValve.java:130)
		at org.apache.catalina.valves.ErrorReportValve.invoke(ErrorReportValve.java:93)
		at org.apache.catalina.valves.AbstractAccessLogValve.invoke(AbstractAccessLogValve.java:660)
		at org.apache.catalina.core.StandardEngineValve.invoke(StandardEngineValve.java:74)
		at org.apache.catalina.connector.CoyoteAdapter.service(CoyoteAdapter.java:346)
		at org.apache.coyote.http11.Http11Processor.service(Http11Processor.java:396)
		at org.apache.coyote.AbstractProcessorLight.process(AbstractProcessorLight.java:63)
		at org.apache.coyote.AbstractProtocol$ConnectionHandler.process(AbstractProtocol.java:937)
		at org.apache.tomcat.util.net.NioEndpoint$SocketProcessor.doRun(NioEndpoint.java:1791)
		at org.apache.tomcat.util.net.SocketProcessorBase.run(SocketProcessorBase.java:52)
		at org.apache.tomcat.util.threads.ThreadPoolExecutor.runWorker(ThreadPoolExecutor.java:1190)
		at org.apache.tomcat.util.threads.ThreadPoolExecutor$Worker.run(ThreadPoolExecutor.java:659)
		at org.apache.tomcat.util.threads.TaskThread$WrappingRunnable.run(TaskThread.java:63)
		at java.base/java.lang.Thread.run(Thread.java:1575)
31-May-2026 11:03:09.872 SEVERE [http-nio-8082-exec-6] org.apache.catalina.core.StandardWrapperValve.invoke Servlet.service() for servlet [jsp] in context with path [] threw exception [Unable to compile class for JSP: 

An error occurred at line: [520] in the jsp file: [/individualDashboard.jsp]
counter cannot be resolved to a variable
517:         %>
518:         </table>
519: 
520:         <% if (counter == 1) { %>
521:             <style>
522:                 .task-table { display: none; }
523:                 .empty-state-card {


Stacktrace:] with root cause
	org.apache.jasper.JasperException: Unable to compile class for JSP: 

An error occurred at line: [520] in the jsp file: [/individualDashboard.jsp]
counter cannot be resolved to a variable
517:         %>
518:         </table>
519: 
520:         <% if (counter == 1) { %>
521:             <style>
522:                 .task-table { display: none; }
523:                 .empty-state-card {


Stacktrace:
		at org.apache.jasper.compiler.DefaultErrorHandler.javacError(DefaultErrorHandler.java:72)
		at org.apache.jasper.compiler.ErrorDispatcher.javacError(ErrorDispatcher.java:192)
		at org.apache.jasper.compiler.JDTCompiler.generateClass(JDTCompiler.java:542)
		at org.apache.jasper.compiler.Compiler.compile(Compiler.java:371)
		at org.apache.jasper.compiler.Compiler.compile(Compiler.java:343)
		at org.apache.jasper.compiler.Compiler.compile(Compiler.java:329)
		at org.apache.jasper.JspCompilationContext.compile(JspCompilationContext.java:603)
		at org.apache.jasper.servlet.JspServletWrapper.service(JspServletWrapper.java:399)
		at org.apache.jasper.servlet.JspServlet.serviceJspFile(JspServlet.java:376)
		at org.apache.jasper.servlet.JspServlet.service(JspServlet.java:324)
		at javax.servlet.http.HttpServlet.service(HttpServlet.java:623)
		at org.apache.catalina.core.ApplicationFilterChain.internalDoFilter(ApplicationFilterChain.java:199)
		at org.apache.catalina.core.ApplicationFilterChain.doFilter(ApplicationFilterChain.java:144)
		at org.apache.catalina.core.ApplicationDispatcher.invoke(ApplicationDispatcher.java:642)
		at org.apache.catalina.core.ApplicationDispatcher.doInclude(ApplicationDispatcher.java:518)
		at org.apache.catalina.core.ApplicationDispatcher.include(ApplicationDispatcher.java:461)
		at org.apache.jasper.runtime.JspRuntimeLibrary.include(JspRuntimeLibrary.java:994)
		at org.apache.jsp.index_jsp._jspService(index_jsp.java:764)
		at org.apache.jasper.runtime.HttpJspBase.service(HttpJspBase.java:67)
		at javax.servlet.http.HttpServlet.service(HttpServlet.java:623)
		at org.apache.jasper.servlet.JspServletWrapper.service(JspServletWrapper.java:466)
		at org.apache.jasper.servlet.JspServlet.serviceJspFile(JspServlet.java:376)
		at org.apache.jasper.servlet.JspServlet.service(JspServlet.java:324)
		at javax.servlet.http.HttpServlet.service(HttpServlet.java:623)
		at org.apache.catalina.core.ApplicationFilterChain.internalDoFilter(ApplicationFilterChain.java:199)
		at org.apache.catalina.core.ApplicationFilterChain.doFilter(ApplicationFilterChain.java:144)
		at org.apache.tomcat.websocket.server.WsFilter.doFilter(WsFilter.java:51)
		at org.apache.catalina.core.ApplicationFilterChain.internalDoFilter(ApplicationFilterChain.java:168)
		at org.apache.catalina.core.ApplicationFilterChain.doFilter(ApplicationFilterChain.java:144)
		at org.apache.catalina.core.StandardWrapperValve.invoke(StandardWrapperValve.java:168)
		at org.apache.catalina.core.StandardContextValve.invoke(StandardContextValve.java:90)
		at org.apache.catalina.authenticator.AuthenticatorBase.invoke(AuthenticatorBase.java:482)
		at org.apache.catalina.core.StandardHostValve.invoke(StandardHostValve.java:130)
		at org.apache.catalina.valves.ErrorReportValve.invoke(ErrorReportValve.java:93)
		at org.apache.catalina.valves.AbstractAccessLogValve.invoke(AbstractAccessLogValve.java:660)
		at org.apache.catalina.core.StandardEngineValve.invoke(StandardEngineValve.java:74)
		at org.apache.catalina.connector.CoyoteAdapter.service(CoyoteAdapter.java:346)
		at org.apache.coyote.http11.Http11Processor.service(Http11Processor.java:396)
		at org.apache.coyote.AbstractProcessorLight.process(AbstractProcessorLight.java:63)
		at org.apache.coyote.AbstractProtocol$ConnectionHandler.process(AbstractProtocol.java:937)
		at org.apache.tomcat.util.net.NioEndpoint$SocketProcessor.doRun(NioEndpoint.java:1791)
		at org.apache.tomcat.util.net.SocketProcessorBase.run(SocketProcessorBase.java:52)
		at org.apache.tomcat.util.threads.ThreadPoolExecutor.runWorker(ThreadPoolExecutor.java:1190)
		at org.apache.tomcat.util.threads.ThreadPoolExecutor$Worker.run(ThreadPoolExecutor.java:659)
		at org.apache.tomcat.util.threads.TaskThread$WrappingRunnable.run(TaskThread.java:63)
		at java.base/java.lang.Thread.run(Thread.java:1575)
31-May-2026 11:03:11.950 SEVERE [http-nio-8082-exec-5] org.apache.catalina.core.ApplicationDispatcher.invoke Servlet.service() for servlet [jsp] threw exception
	java.lang.ClassNotFoundException: org.apache.jsp.individualDashboard_jsp
		at java.base/java.net.URLClassLoader.findClass(URLClassLoader.java:445)
		at org.apache.jasper.servlet.JasperLoader.loadClass(JasperLoader.java:129)
		at org.apache.jasper.servlet.JasperLoader.loadClass(JasperLoader.java:58)
		at org.apache.catalina.core.DefaultInstanceManager.newInstance(DefaultInstanceManager.java:150)
		at org.apache.jasper.servlet.JspServletWrapper.getServlet(JspServletWrapper.java:192)
		at org.apache.jasper.servlet.JspServletWrapper.service(JspServletWrapper.java:413)
		at org.apache.jasper.servlet.JspServlet.serviceJspFile(JspServlet.java:376)
		at org.apache.jasper.servlet.JspServlet.service(JspServlet.java:324)
		at javax.servlet.http.HttpServlet.service(HttpServlet.java:623)
		at org.apache.catalina.core.ApplicationFilterChain.internalDoFilter(ApplicationFilterChain.java:199)
		at org.apache.catalina.core.ApplicationFilterChain.doFilter(ApplicationFilterChain.java:144)
		at org.apache.catalina.core.ApplicationDispatcher.invoke(ApplicationDispatcher.java:642)
		at org.apache.catalina.core.ApplicationDispatcher.doInclude(ApplicationDispatcher.java:518)
		at org.apache.catalina.core.ApplicationDispatcher.include(ApplicationDispatcher.java:461)
		at org.apache.jasper.runtime.JspRuntimeLibrary.include(JspRuntimeLibrary.java:994)
		at org.apache.jsp.index_jsp._jspService(index_jsp.java:764)
		at org.apache.jasper.runtime.HttpJspBase.service(HttpJspBase.java:67)
		at javax.servlet.http.HttpServlet.service(HttpServlet.java:623)
		at org.apache.jasper.servlet.JspServletWrapper.service(JspServletWrapper.java:466)
		at org.apache.jasper.servlet.JspServlet.serviceJspFile(JspServlet.java:376)
		at org.apache.jasper.servlet.JspServlet.service(JspServlet.java:324)
		at javax.servlet.http.HttpServlet.service(HttpServlet.java:623)
		at org.apache.catalina.core.ApplicationFilterChain.internalDoFilter(ApplicationFilterChain.java:199)
		at org.apache.catalina.core.ApplicationFilterChain.doFilter(ApplicationFilterChain.java:144)
		at org.apache.tomcat.websocket.server.WsFilter.doFilter(WsFilter.java:51)
		at org.apache.catalina.core.ApplicationFilterChain.internalDoFilter(ApplicationFilterChain.java:168)
		at org.apache.catalina.core.ApplicationFilterChain.doFilter(ApplicationFilterChain.java:144)
		at org.apache.catalina.core.StandardWrapperValve.invoke(StandardWrapperValve.java:168)
		at org.apache.catalina.core.StandardContextValve.invoke(StandardContextValve.java:90)
		at org.apache.catalina.authenticator.AuthenticatorBase.invoke(AuthenticatorBase.java:482)
		at org.apache.catalina.core.StandardHostValve.invoke(StandardHostValve.java:130)
		at org.apache.catalina.valves.ErrorReportValve.invoke(ErrorReportValve.java:93)
		at org.apache.catalina.valves.AbstractAccessLogValve.invoke(AbstractAccessLogValve.java:660)
		at org.apache.catalina.core.StandardEngineValve.invoke(StandardEngineValve.java:74)
		at org.apache.catalina.connector.CoyoteAdapter.service(CoyoteAdapter.java:346)
		at org.apache.coyote.http11.Http11Processor.service(Http11Processor.java:396)
		at org.apache.coyote.AbstractProcessorLight.process(AbstractProcessorLight.java:63)
		at org.apache.coyote.AbstractProtocol$ConnectionHandler.process(AbstractProtocol.java:937)
		at org.apache.tomcat.util.net.NioEndpoint$SocketProcessor.doRun(NioEndpoint.java:1791)
		at org.apache.tomcat.util.net.SocketProcessorBase.run(SocketProcessorBase.java:52)
		at org.apache.tomcat.util.threads.ThreadPoolExecutor.runWorker(ThreadPoolExecutor.java:1190)
		at org.apache.tomcat.util.threads.ThreadPoolExecutor$Worker.run(ThreadPoolExecutor.java:659)
		at org.apache.tomcat.util.threads.TaskThread$WrappingRunnable.run(TaskThread.java:63)
		at java.base/java.lang.Thread.run(Thread.java:1575)
31-May-2026 11:03:11.952 SEVERE [http-nio-8082-exec-5] org.apache.catalina.core.StandardWrapperValve.invoke Servlet.service() for servlet [jsp] in context with path [] threw exception [An exception occurred processing [/index.jsp] at line [614]

611:         <%
612:             if ("individual".equals(currentPage)) {
613:         %>
614:             <jsp:include page="individualDashboard.jsp" />
615:         <%
616:             } else if ("group".equals(currentPage)) {
617:         %>


Stacktrace:] with root cause
	java.lang.ClassNotFoundException: org.apache.jsp.individualDashboard_jsp
		at java.base/java.net.URLClassLoader.findClass(URLClassLoader.java:445)
		at org.apache.jasper.servlet.JasperLoader.loadClass(JasperLoader.java:129)
		at org.apache.jasper.servlet.JasperLoader.loadClass(JasperLoader.java:58)
		at org.apache.catalina.core.DefaultInstanceManager.newInstance(DefaultInstanceManager.java:150)
		at org.apache.jasper.servlet.JspServletWrapper.getServlet(JspServletWrapper.java:192)
		at org.apache.jasper.servlet.JspServletWrapper.service(JspServletWrapper.java:413)
		at org.apache.jasper.servlet.JspServlet.serviceJspFile(JspServlet.java:376)
		at org.apache.jasper.servlet.JspServlet.service(JspServlet.java:324)
		at javax.servlet.http.HttpServlet.service(HttpServlet.java:623)
		at org.apache.catalina.core.ApplicationFilterChain.internalDoFilter(ApplicationFilterChain.java:199)
		at org.apache.catalina.core.ApplicationFilterChain.doFilter(ApplicationFilterChain.java:144)
		at org.apache.catalina.core.ApplicationDispatcher.invoke(ApplicationDispatcher.java:642)
		at org.apache.catalina.core.ApplicationDispatcher.doInclude(ApplicationDispatcher.java:518)
		at org.apache.catalina.core.ApplicationDispatcher.include(ApplicationDispatcher.java:461)
		at org.apache.jasper.runtime.JspRuntimeLibrary.include(JspRuntimeLibrary.java:994)
		at org.apache.jsp.index_jsp._jspService(index_jsp.java:764)
		at org.apache.jasper.runtime.HttpJspBase.service(HttpJspBase.java:67)
		at javax.servlet.http.HttpServlet.service(HttpServlet.java:623)
		at org.apache.jasper.servlet.JspServletWrapper.service(JspServletWrapper.java:466)
		at org.apache.jasper.servlet.JspServlet.serviceJspFile(JspServlet.java:376)
		at org.apache.jasper.servlet.JspServlet.service(JspServlet.java:324)
		at javax.servlet.http.HttpServlet.service(HttpServlet.java:623)
		at org.apache.catalina.core.ApplicationFilterChain.internalDoFilter(ApplicationFilterChain.java:199)
		at org.apache.catalina.core.ApplicationFilterChain.doFilter(ApplicationFilterChain.java:144)
		at org.apache.tomcat.websocket.server.WsFilter.doFilter(WsFilter.java:51)
		at org.apache.catalina.core.ApplicationFilterChain.internalDoFilter(ApplicationFilterChain.java:168)
		at org.apache.catalina.core.ApplicationFilterChain.doFilter(ApplicationFilterChain.java:144)
		at org.apache.catalina.core.StandardWrapperValve.invoke(StandardWrapperValve.java:168)
		at org.apache.catalina.core.StandardContextValve.invoke(StandardContextValve.java:90)
		at org.apache.catalina.authenticator.AuthenticatorBase.invoke(AuthenticatorBase.java:482)
		at org.apache.catalina.core.StandardHostValve.invoke(StandardHostValve.java:130)
		at org.apache.catalina.valves.ErrorReportValve.invoke(ErrorReportValve.java:93)
		at org.apache.catalina.valves.AbstractAccessLogValve.invoke(AbstractAccessLogValve.java:660)
		at org.apache.catalina.core.StandardEngineValve.invoke(StandardEngineValve.java:74)
		at org.apache.catalina.connector.CoyoteAdapter.service(CoyoteAdapter.java:346)
		at org.apache.coyote.http11.Http11Processor.service(Http11Processor.java:396)
		at org.apache.coyote.AbstractProcessorLight.process(AbstractProcessorLight.java:63)
		at org.apache.coyote.AbstractProtocol$ConnectionHandler.process(AbstractProtocol.java:937)
		at org.apache.tomcat.util.net.NioEndpoint$SocketProcessor.doRun(NioEndpoint.java:1791)
		at org.apache.tomcat.util.net.SocketProcessorBase.run(SocketProcessorBase.java:52)
		at org.apache.tomcat.util.threads.ThreadPoolExecutor.runWorker(ThreadPoolExecutor.java:1190)
		at org.apache.tomcat.util.threads.ThreadPoolExecutor$Worker.run(ThreadPoolExecutor.java:659)
		at org.apache.tomcat.util.threads.TaskThread$WrappingRunnable.run(TaskThread.java:63)
		at java.base/java.lang.Thread.run(Thread.java:1575)
31-May-2026 11:03:15.617 SEVERE [http-nio-8082-exec-7] org.apache.catalina.core.ApplicationDispatcher.invoke Servlet.service() for servlet [jsp] threw exception
	org.apache.jasper.JasperException: Unable to compile class for JSP: 

An error occurred at line: [520] in the jsp file: [/individualDashboard.jsp]
counter cannot be resolved to a variable
517:         %>
518:         </table>
519: 
520:         <% if (counter == 1) { %>
521:             <style>
522:                 .task-table { display: none; }
523:                 .empty-state-card {


Stacktrace:
		at org.apache.jasper.compiler.DefaultErrorHandler.javacError(DefaultErrorHandler.java:72)
		at org.apache.jasper.compiler.ErrorDispatcher.javacError(ErrorDispatcher.java:192)
		at org.apache.jasper.compiler.JDTCompiler.generateClass(JDTCompiler.java:542)
		at org.apache.jasper.compiler.Compiler.compile(Compiler.java:371)
		at org.apache.jasper.compiler.Compiler.compile(Compiler.java:343)
		at org.apache.jasper.compiler.Compiler.compile(Compiler.java:329)
		at org.apache.jasper.JspCompilationContext.compile(JspCompilationContext.java:603)
		at org.apache.jasper.servlet.JspServletWrapper.service(JspServletWrapper.java:399)
		at org.apache.jasper.servlet.JspServlet.serviceJspFile(JspServlet.java:376)
		at org.apache.jasper.servlet.JspServlet.service(JspServlet.java:324)
		at javax.servlet.http.HttpServlet.service(HttpServlet.java:623)
		at org.apache.catalina.core.ApplicationFilterChain.internalDoFilter(ApplicationFilterChain.java:199)
		at org.apache.catalina.core.ApplicationFilterChain.doFilter(ApplicationFilterChain.java:144)
		at org.apache.catalina.core.ApplicationDispatcher.invoke(ApplicationDispatcher.java:642)
		at org.apache.catalina.core.ApplicationDispatcher.doInclude(ApplicationDispatcher.java:518)
		at org.apache.catalina.core.ApplicationDispatcher.include(ApplicationDispatcher.java:461)
		at org.apache.jasper.runtime.JspRuntimeLibrary.include(JspRuntimeLibrary.java:994)
		at org.apache.jsp.index_jsp._jspService(index_jsp.java:764)
		at org.apache.jasper.runtime.HttpJspBase.service(HttpJspBase.java:67)
		at javax.servlet.http.HttpServlet.service(HttpServlet.java:623)
		at org.apache.jasper.servlet.JspServletWrapper.service(JspServletWrapper.java:466)
		at org.apache.jasper.servlet.JspServlet.serviceJspFile(JspServlet.java:376)
		at org.apache.jasper.servlet.JspServlet.service(JspServlet.java:324)
		at javax.servlet.http.HttpServlet.service(HttpServlet.java:623)
		at org.apache.catalina.core.ApplicationFilterChain.internalDoFilter(ApplicationFilterChain.java:199)
		at org.apache.catalina.core.ApplicationFilterChain.doFilter(ApplicationFilterChain.java:144)
		at org.apache.tomcat.websocket.server.WsFilter.doFilter(WsFilter.java:51)
		at org.apache.catalina.core.ApplicationFilterChain.internalDoFilter(ApplicationFilterChain.java:168)
		at org.apache.catalina.core.ApplicationFilterChain.doFilter(ApplicationFilterChain.java:144)
		at org.apache.catalina.core.StandardWrapperValve.invoke(StandardWrapperValve.java:168)
		at org.apache.catalina.core.StandardContextValve.invoke(StandardContextValve.java:90)
		at org.apache.catalina.authenticator.AuthenticatorBase.invoke(AuthenticatorBase.java:482)
		at org.apache.catalina.core.StandardHostValve.invoke(StandardHostValve.java:130)
		at org.apache.catalina.valves.ErrorReportValve.invoke(ErrorReportValve.java:93)
		at org.apache.catalina.valves.AbstractAccessLogValve.invoke(AbstractAccessLogValve.java:660)
		at org.apache.catalina.core.StandardEngineValve.invoke(StandardEngineValve.java:74)
		at org.apache.catalina.connector.CoyoteAdapter.service(CoyoteAdapter.java:346)
		at org.apache.coyote.http11.Http11Processor.service(Http11Processor.java:396)
		at org.apache.coyote.AbstractProcessorLight.process(AbstractProcessorLight.java:63)
		at org.apache.coyote.AbstractProtocol$ConnectionHandler.process(AbstractProtocol.java:937)
		at org.apache.tomcat.util.net.NioEndpoint$SocketProcessor.doRun(NioEndpoint.java:1791)
		at org.apache.tomcat.util.net.SocketProcessorBase.run(SocketProcessorBase.java:52)
		at org.apache.tomcat.util.threads.ThreadPoolExecutor.runWorker(ThreadPoolExecutor.java:1190)
		at org.apache.tomcat.util.threads.ThreadPoolExecutor$Worker.run(ThreadPoolExecutor.java:659)
		at org.apache.tomcat.util.threads.TaskThread$WrappingRunnable.run(TaskThread.java:63)
		at java.base/java.lang.Thread.run(Thread.java:1575)
31-May-2026 11:03:15.618 SEVERE [http-nio-8082-exec-7] org.apache.catalina.core.StandardWrapperValve.invoke Servlet.service() for servlet [jsp] in context with path [] threw exception [Unable to compile class for JSP: 

An error occurred at line: [520] in the jsp file: [/individualDashboard.jsp]
counter cannot be resolved to a variable
517:         %>
518:         </table>
519: 
520:         <% if (counter == 1) { %>
521:             <style>
522:                 .task-table { display: none; }
523:                 .empty-state-card {


Stacktrace:] with root cause
	org.apache.jasper.JasperException: Unable to compile class for JSP: 

An error occurred at line: [520] in the jsp file: [/individualDashboard.jsp]
counter cannot be resolved to a variable
517:         %>
518:         </table>
519: 
520:         <% if (counter == 1) { %>
521:             <style>
522:                 .task-table { display: none; }
523:                 .empty-state-card {


Stacktrace:
		at org.apache.jasper.compiler.DefaultErrorHandler.javacError(DefaultErrorHandler.java:72)
		at org.apache.jasper.compiler.ErrorDispatcher.javacError(ErrorDispatcher.java:192)
		at org.apache.jasper.compiler.JDTCompiler.generateClass(JDTCompiler.java:542)
		at org.apache.jasper.compiler.Compiler.compile(Compiler.java:371)
		at org.apache.jasper.compiler.Compiler.compile(Compiler.java:343)
		at org.apache.jasper.compiler.Compiler.compile(Compiler.java:329)
		at org.apache.jasper.JspCompilationContext.compile(JspCompilationContext.java:603)
		at org.apache.jasper.servlet.JspServletWrapper.service(JspServletWrapper.java:399)
		at org.apache.jasper.servlet.JspServlet.serviceJspFile(JspServlet.java:376)
		at org.apache.jasper.servlet.JspServlet.service(JspServlet.java:324)
		at javax.servlet.http.HttpServlet.service(HttpServlet.java:623)
		at org.apache.catalina.core.ApplicationFilterChain.internalDoFilter(ApplicationFilterChain.java:199)
		at org.apache.catalina.core.ApplicationFilterChain.doFilter(ApplicationFilterChain.java:144)
		at org.apache.catalina.core.ApplicationDispatcher.invoke(ApplicationDispatcher.java:642)
		at org.apache.catalina.core.ApplicationDispatcher.doInclude(ApplicationDispatcher.java:518)
		at org.apache.catalina.core.ApplicationDispatcher.include(ApplicationDispatcher.java:461)
		at org.apache.jasper.runtime.JspRuntimeLibrary.include(JspRuntimeLibrary.java:994)
		at org.apache.jsp.index_jsp._jspService(index_jsp.java:764)
		at org.apache.jasper.runtime.HttpJspBase.service(HttpJspBase.java:67)
		at javax.servlet.http.HttpServlet.service(HttpServlet.java:623)
		at org.apache.jasper.servlet.JspServletWrapper.service(JspServletWrapper.java:466)
		at org.apache.jasper.servlet.JspServlet.serviceJspFile(JspServlet.java:376)
		at org.apache.jasper.servlet.JspServlet.service(JspServlet.java:324)
		at javax.servlet.http.HttpServlet.service(HttpServlet.java:623)
		at org.apache.catalina.core.ApplicationFilterChain.internalDoFilter(ApplicationFilterChain.java:199)
		at org.apache.catalina.core.ApplicationFilterChain.doFilter(ApplicationFilterChain.java:144)
		at org.apache.tomcat.websocket.server.WsFilter.doFilter(WsFilter.java:51)
		at org.apache.catalina.core.ApplicationFilterChain.internalDoFilter(ApplicationFilterChain.java:168)
		at org.apache.catalina.core.ApplicationFilterChain.doFilter(ApplicationFilterChain.java:144)
		at org.apache.catalina.core.StandardWrapperValve.invoke(StandardWrapperValve.java:168)
		at org.apache.catalina.core.StandardContextValve.invoke(StandardContextValve.java:90)
		at org.apache.catalina.authenticator.AuthenticatorBase.invoke(AuthenticatorBase.java:482)
		at org.apache.catalina.core.StandardHostValve.invoke(StandardHostValve.java:130)
		at org.apache.catalina.valves.ErrorReportValve.invoke(ErrorReportValve.java:93)
		at org.apache.catalina.valves.AbstractAccessLogValve.invoke(AbstractAccessLogValve.java:660)
		at org.apache.catalina.core.StandardEngineValve.invoke(StandardEngineValve.java:74)
		at org.apache.catalina.connector.CoyoteAdapter.service(CoyoteAdapter.java:346)
		at org.apache.coyote.http11.Http11Processor.service(Http11Processor.java:396)
		at org.apache.coyote.AbstractProcessorLight.process(AbstractProcessorLight.java:63)
		at org.apache.coyote.AbstractProtocol$ConnectionHandler.process(AbstractProtocol.java:937)
		at org.apache.tomcat.util.net.NioEndpoint$SocketProcessor.doRun(NioEndpoint.java:1791)
		at org.apache.tomcat.util.net.SocketProcessorBase.run(SocketProcessorBase.java:52)
		at org.apache.tomcat.util.threads.ThreadPoolExecutor.runWorker(ThreadPoolExecutor.java:1190)
		at org.apache.tomcat.util.threads.ThreadPoolExecutor$Worker.run(ThreadPoolExecutor.java:659)
		at org.apache.tomcat.util.threads.TaskThread$WrappingRunnable.run(TaskThread.java:63)
		at java.base/java.lang.Thread.run(Thread.java:1575)
31-May-2026 11:03:19.134 SEVERE [http-nio-8082-exec-4] org.apache.catalina.core.ApplicationDispatcher.invoke Servlet.service() for servlet [jsp] threw exception
	java.lang.ClassNotFoundException: org.apache.jsp.individualDashboard_jsp
		at java.base/java.net.URLClassLoader.findClass(URLClassLoader.java:445)
		at org.apache.jasper.servlet.JasperLoader.loadClass(JasperLoader.java:129)
		at org.apache.jasper.servlet.JasperLoader.loadClass(JasperLoader.java:58)
		at org.apache.catalina.core.DefaultInstanceManager.newInstance(DefaultInstanceManager.java:150)
		at org.apache.jasper.servlet.JspServletWrapper.getServlet(JspServletWrapper.java:192)
		at org.apache.jasper.servlet.JspServletWrapper.service(JspServletWrapper.java:413)
		at org.apache.jasper.servlet.JspServlet.serviceJspFile(JspServlet.java:376)
		at org.apache.jasper.servlet.JspServlet.service(JspServlet.java:324)
		at javax.servlet.http.HttpServlet.service(HttpServlet.java:623)
		at org.apache.catalina.core.ApplicationFilterChain.internalDoFilter(ApplicationFilterChain.java:199)
		at org.apache.catalina.core.ApplicationFilterChain.doFilter(ApplicationFilterChain.java:144)
		at org.apache.catalina.core.ApplicationDispatcher.invoke(ApplicationDispatcher.java:642)
		at org.apache.catalina.core.ApplicationDispatcher.doInclude(ApplicationDispatcher.java:518)
		at org.apache.catalina.core.ApplicationDispatcher.include(ApplicationDispatcher.java:461)
		at org.apache.jasper.runtime.JspRuntimeLibrary.include(JspRuntimeLibrary.java:994)
		at org.apache.jsp.index_jsp._jspService(index_jsp.java:764)
		at org.apache.jasper.runtime.HttpJspBase.service(HttpJspBase.java:67)
		at javax.servlet.http.HttpServlet.service(HttpServlet.java:623)
		at org.apache.jasper.servlet.JspServletWrapper.service(JspServletWrapper.java:466)
		at org.apache.jasper.servlet.JspServlet.serviceJspFile(JspServlet.java:376)
		at org.apache.jasper.servlet.JspServlet.service(JspServlet.java:324)
		at javax.servlet.http.HttpServlet.service(HttpServlet.java:623)
		at org.apache.catalina.core.ApplicationFilterChain.internalDoFilter(ApplicationFilterChain.java:199)
		at org.apache.catalina.core.ApplicationFilterChain.doFilter(ApplicationFilterChain.java:144)
		at org.apache.tomcat.websocket.server.WsFilter.doFilter(WsFilter.java:51)
		at org.apache.catalina.core.ApplicationFilterChain.internalDoFilter(ApplicationFilterChain.java:168)
		at org.apache.catalina.core.ApplicationFilterChain.doFilter(ApplicationFilterChain.java:144)
		at org.apache.catalina.core.StandardWrapperValve.invoke(StandardWrapperValve.java:168)
		at org.apache.catalina.core.StandardContextValve.invoke(StandardContextValve.java:90)
		at org.apache.catalina.authenticator.AuthenticatorBase.invoke(AuthenticatorBase.java:482)
		at org.apache.catalina.core.StandardHostValve.invoke(StandardHostValve.java:130)
		at org.apache.catalina.valves.ErrorReportValve.invoke(ErrorReportValve.java:93)
		at org.apache.catalina.valves.AbstractAccessLogValve.invoke(AbstractAccessLogValve.java:660)
		at org.apache.catalina.core.StandardEngineValve.invoke(StandardEngineValve.java:74)
		at org.apache.catalina.connector.CoyoteAdapter.service(CoyoteAdapter.java:346)
		at org.apache.coyote.http11.Http11Processor.service(Http11Processor.java:396)
		at org.apache.coyote.AbstractProcessorLight.process(AbstractProcessorLight.java:63)
		at org.apache.coyote.AbstractProtocol$ConnectionHandler.process(AbstractProtocol.java:937)
		at org.apache.tomcat.util.net.NioEndpoint$SocketProcessor.doRun(NioEndpoint.java:1791)
		at org.apache.tomcat.util.net.SocketProcessorBase.run(SocketProcessorBase.java:52)
		at org.apache.tomcat.util.threads.ThreadPoolExecutor.runWorker(ThreadPoolExecutor.java:1190)
		at org.apache.tomcat.util.threads.ThreadPoolExecutor$Worker.run(ThreadPoolExecutor.java:659)
		at org.apache.tomcat.util.threads.TaskThread$WrappingRunnable.run(TaskThread.java:63)
		at java.base/java.lang.Thread.run(Thread.java:1575)
31-May-2026 11:03:19.136 SEVERE [http-nio-8082-exec-4] org.apache.catalina.core.StandardWrapperValve.invoke Servlet.service() for servlet [jsp] in context with path [] threw exception [An exception occurred processing [/index.jsp] at line [614]

611:         <%
612:             if ("individual".equals(currentPage)) {
613:         %>
614:             <jsp:include page="individualDashboard.jsp" />
615:         <%
616:             } else if ("group".equals(currentPage)) {
617:         %>


Stacktrace:] with root cause
	java.lang.ClassNotFoundException: org.apache.jsp.individualDashboard_jsp
		at java.base/java.net.URLClassLoader.findClass(URLClassLoader.java:445)
		at org.apache.jasper.servlet.JasperLoader.loadClass(JasperLoader.java:129)
		at org.apache.jasper.servlet.JasperLoader.loadClass(JasperLoader.java:58)
		at org.apache.catalina.core.DefaultInstanceManager.newInstance(DefaultInstanceManager.java:150)
		at org.apache.jasper.servlet.JspServletWrapper.getServlet(JspServletWrapper.java:192)
		at org.apache.jasper.servlet.JspServletWrapper.service(JspServletWrapper.java:413)
		at org.apache.jasper.servlet.JspServlet.serviceJspFile(JspServlet.java:376)
		at org.apache.jasper.servlet.JspServlet.service(JspServlet.java:324)
		at javax.servlet.http.HttpServlet.service(HttpServlet.java:623)
		at org.apache.catalina.core.ApplicationFilterChain.internalDoFilter(ApplicationFilterChain.java:199)
		at org.apache.catalina.core.ApplicationFilterChain.doFilter(ApplicationFilterChain.java:144)
		at org.apache.catalina.core.ApplicationDispatcher.invoke(ApplicationDispatcher.java:642)
		at org.apache.catalina.core.ApplicationDispatcher.doInclude(ApplicationDispatcher.java:518)
		at org.apache.catalina.core.ApplicationDispatcher.include(ApplicationDispatcher.java:461)
		at org.apache.jasper.runtime.JspRuntimeLibrary.include(JspRuntimeLibrary.java:994)
		at org.apache.jsp.index_jsp._jspService(index_jsp.java:764)
		at org.apache.jasper.runtime.HttpJspBase.service(HttpJspBase.java:67)
		at javax.servlet.http.HttpServlet.service(HttpServlet.java:623)
		at org.apache.jasper.servlet.JspServletWrapper.service(JspServletWrapper.java:466)
		at org.apache.jasper.servlet.JspServlet.serviceJspFile(JspServlet.java:376)
		at org.apache.jasper.servlet.JspServlet.service(JspServlet.java:324)
		at javax.servlet.http.HttpServlet.service(HttpServlet.java:623)
		at org.apache.catalina.core.ApplicationFilterChain.internalDoFilter(ApplicationFilterChain.java:199)
		at org.apache.catalina.core.ApplicationFilterChain.doFilter(ApplicationFilterChain.java:144)
		at org.apache.tomcat.websocket.server.WsFilter.doFilter(WsFilter.java:51)
		at org.apache.catalina.core.ApplicationFilterChain.internalDoFilter(ApplicationFilterChain.java:168)
		at org.apache.catalina.core.ApplicationFilterChain.doFilter(ApplicationFilterChain.java:144)
		at org.apache.catalina.core.StandardWrapperValve.invoke(StandardWrapperValve.java:168)
		at org.apache.catalina.core.StandardContextValve.invoke(StandardContextValve.java:90)
		at org.apache.catalina.authenticator.AuthenticatorBase.invoke(AuthenticatorBase.java:482)
		at org.apache.catalina.core.StandardHostValve.invoke(StandardHostValve.java:130)
		at org.apache.catalina.valves.ErrorReportValve.invoke(ErrorReportValve.java:93)
		at org.apache.catalina.valves.AbstractAccessLogValve.invoke(AbstractAccessLogValve.java:660)
		at org.apache.catalina.core.StandardEngineValve.invoke(StandardEngineValve.java:74)
		at org.apache.catalina.connector.CoyoteAdapter.service(CoyoteAdapter.java:346)
		at org.apache.coyote.http11.Http11Processor.service(Http11Processor.java:396)
		at org.apache.coyote.AbstractProcessorLight.process(AbstractProcessorLight.java:63)
		at org.apache.coyote.AbstractProtocol$ConnectionHandler.process(AbstractProtocol.java:937)
		at org.apache.tomcat.util.net.NioEndpoint$SocketProcessor.doRun(NioEndpoint.java:1791)
		at org.apache.tomcat.util.net.SocketProcessorBase.run(SocketProcessorBase.java:52)
		at org.apache.tomcat.util.threads.ThreadPoolExecutor.runWorker(ThreadPoolExecutor.java:1190)
		at org.apache.tomcat.util.threads.ThreadPoolExecutor$Worker.run(ThreadPoolExecutor.java:659)
		at org.apache.tomcat.util.threads.TaskThread$WrappingRunnable.run(TaskThread.java:63)
		at java.base/java.lang.Thread.run(Thread.java:1575)
31-May-2026 11:04:26.294 SEVERE [http-nio-8082-exec-9] org.apache.catalina.core.ApplicationDispatcher.invoke Servlet.service() for servlet [jsp] threw exception
	org.apache.jasper.JasperException: Unable to compile class for JSP: 

An error occurred at line: [520] in the jsp file: [/individualDashboard.jsp]
counter cannot be resolved to a variable
517:         %>
518:         </table>
519: 
520:         <% if (counter == 1) { %>
521:             <style>
522:                 .task-table { display: none; }
523:                 .empty-state-card {


Stacktrace:
		at org.apache.jasper.compiler.DefaultErrorHandler.javacError(DefaultErrorHandler.java:72)
		at org.apache.jasper.compiler.ErrorDispatcher.javacError(ErrorDispatcher.java:192)
		at org.apache.jasper.compiler.JDTCompiler.generateClass(JDTCompiler.java:542)
		at org.apache.jasper.compiler.Compiler.compile(Compiler.java:371)
		at org.apache.jasper.compiler.Compiler.compile(Compiler.java:343)
		at org.apache.jasper.compiler.Compiler.compile(Compiler.java:329)
		at org.apache.jasper.JspCompilationContext.compile(JspCompilationContext.java:603)
		at org.apache.jasper.servlet.JspServletWrapper.service(JspServletWrapper.java:399)
		at org.apache.jasper.servlet.JspServlet.serviceJspFile(JspServlet.java:376)
		at org.apache.jasper.servlet.JspServlet.service(JspServlet.java:324)
		at javax.servlet.http.HttpServlet.service(HttpServlet.java:623)
		at org.apache.catalina.core.ApplicationFilterChain.internalDoFilter(ApplicationFilterChain.java:199)
		at org.apache.catalina.core.ApplicationFilterChain.doFilter(ApplicationFilterChain.java:144)
		at org.apache.catalina.core.ApplicationDispatcher.invoke(ApplicationDispatcher.java:642)
		at org.apache.catalina.core.ApplicationDispatcher.doInclude(ApplicationDispatcher.java:518)
		at org.apache.catalina.core.ApplicationDispatcher.include(ApplicationDispatcher.java:461)
		at org.apache.jasper.runtime.JspRuntimeLibrary.include(JspRuntimeLibrary.java:994)
		at org.apache.jsp.index_jsp._jspService(index_jsp.java:764)
		at org.apache.jasper.runtime.HttpJspBase.service(HttpJspBase.java:67)
		at javax.servlet.http.HttpServlet.service(HttpServlet.java:623)
		at org.apache.jasper.servlet.JspServletWrapper.service(JspServletWrapper.java:466)
		at org.apache.jasper.servlet.JspServlet.serviceJspFile(JspServlet.java:376)
		at org.apache.jasper.servlet.JspServlet.service(JspServlet.java:324)
		at javax.servlet.http.HttpServlet.service(HttpServlet.java:623)
		at org.apache.catalina.core.ApplicationFilterChain.internalDoFilter(ApplicationFilterChain.java:199)
		at org.apache.catalina.core.ApplicationFilterChain.doFilter(ApplicationFilterChain.java:144)
		at org.apache.tomcat.websocket.server.WsFilter.doFilter(WsFilter.java:51)
		at org.apache.catalina.core.ApplicationFilterChain.internalDoFilter(ApplicationFilterChain.java:168)
		at org.apache.catalina.core.ApplicationFilterChain.doFilter(ApplicationFilterChain.java:144)
		at org.apache.catalina.core.StandardWrapperValve.invoke(StandardWrapperValve.java:168)
		at org.apache.catalina.core.StandardContextValve.invoke(StandardContextValve.java:90)
		at org.apache.catalina.authenticator.AuthenticatorBase.invoke(AuthenticatorBase.java:482)
		at org.apache.catalina.core.StandardHostValve.invoke(StandardHostValve.java:130)
		at org.apache.catalina.valves.ErrorReportValve.invoke(ErrorReportValve.java:93)
		at org.apache.catalina.valves.AbstractAccessLogValve.invoke(AbstractAccessLogValve.java:660)
		at org.apache.catalina.core.StandardEngineValve.invoke(StandardEngineValve.java:74)
		at org.apache.catalina.connector.CoyoteAdapter.service(CoyoteAdapter.java:346)
		at org.apache.coyote.http11.Http11Processor.service(Http11Processor.java:396)
		at org.apache.coyote.AbstractProcessorLight.process(AbstractProcessorLight.java:63)
		at org.apache.coyote.AbstractProtocol$ConnectionHandler.process(AbstractProtocol.java:937)
		at org.apache.tomcat.util.net.NioEndpoint$SocketProcessor.doRun(NioEndpoint.java:1791)
		at org.apache.tomcat.util.net.SocketProcessorBase.run(SocketProcessorBase.java:52)
		at org.apache.tomcat.util.threads.ThreadPoolExecutor.runWorker(ThreadPoolExecutor.java:1190)
		at org.apache.tomcat.util.threads.ThreadPoolExecutor$Worker.run(ThreadPoolExecutor.java:659)
		at org.apache.tomcat.util.threads.TaskThread$WrappingRunnable.run(TaskThread.java:63)
		at java.base/java.lang.Thread.run(Thread.java:1575)
31-May-2026 11:04:26.295 SEVERE [http-nio-8082-exec-9] org.apache.catalina.core.StandardWrapperValve.invoke Servlet.service() for servlet [jsp] in context with path [] threw exception [Unable to compile class for JSP: 

An error occurred at line: [520] in the jsp file: [/individualDashboard.jsp]
counter cannot be resolved to a variable
517:         %>
518:         </table>
519: 
520:         <% if (counter == 1) { %>
521:             <style>
522:                 .task-table { display: none; }
523:                 .empty-state-card {


Stacktrace:] with root cause
	org.apache.jasper.JasperException: Unable to compile class for JSP: 

An error occurred at line: [520] in the jsp file: [/individualDashboard.jsp]
counter cannot be resolved to a variable
517:         %>
518:         </table>
519: 
520:         <% if (counter == 1) { %>
521:             <style>
522:                 .task-table { display: none; }
523:                 .empty-state-card {


Stacktrace:
		at org.apache.jasper.compiler.DefaultErrorHandler.javacError(DefaultErrorHandler.java:72)
		at org.apache.jasper.compiler.ErrorDispatcher.javacError(ErrorDispatcher.java:192)
		at org.apache.jasper.compiler.JDTCompiler.generateClass(JDTCompiler.java:542)
		at org.apache.jasper.compiler.Compiler.compile(Compiler.java:371)
		at org.apache.jasper.compiler.Compiler.compile(Compiler.java:343)
		at org.apache.jasper.compiler.Compiler.compile(Compiler.java:329)
		at org.apache.jasper.JspCompilationContext.compile(JspCompilationContext.java:603)
		at org.apache.jasper.servlet.JspServletWrapper.service(JspServletWrapper.java:399)
		at org.apache.jasper.servlet.JspServlet.serviceJspFile(JspServlet.java:376)
		at org.apache.jasper.servlet.JspServlet.service(JspServlet.java:324)
		at javax.servlet.http.HttpServlet.service(HttpServlet.java:623)
		at org.apache.catalina.core.ApplicationFilterChain.internalDoFilter(ApplicationFilterChain.java:199)
		at org.apache.catalina.core.ApplicationFilterChain.doFilter(ApplicationFilterChain.java:144)
		at org.apache.catalina.core.ApplicationDispatcher.invoke(ApplicationDispatcher.java:642)
		at org.apache.catalina.core.ApplicationDispatcher.doInclude(ApplicationDispatcher.java:518)
		at org.apache.catalina.core.ApplicationDispatcher.include(ApplicationDispatcher.java:461)
		at org.apache.jasper.runtime.JspRuntimeLibrary.include(JspRuntimeLibrary.java:994)
		at org.apache.jsp.index_jsp._jspService(index_jsp.java:764)
		at org.apache.jasper.runtime.HttpJspBase.service(HttpJspBase.java:67)
		at javax.servlet.http.HttpServlet.service(HttpServlet.java:623)
		at org.apache.jasper.servlet.JspServletWrapper.service(JspServletWrapper.java:466)
		at org.apache.jasper.servlet.JspServlet.serviceJspFile(JspServlet.java:376)
		at org.apache.jasper.servlet.JspServlet.service(JspServlet.java:324)
		at javax.servlet.http.HttpServlet.service(HttpServlet.java:623)
		at org.apache.catalina.core.ApplicationFilterChain.internalDoFilter(ApplicationFilterChain.java:199)
		at org.apache.catalina.core.ApplicationFilterChain.doFilter(ApplicationFilterChain.java:144)
		at org.apache.tomcat.websocket.server.WsFilter.doFilter(WsFilter.java:51)
		at org.apache.catalina.core.ApplicationFilterChain.internalDoFilter(ApplicationFilterChain.java:168)
		at org.apache.catalina.core.ApplicationFilterChain.doFilter(ApplicationFilterChain.java:144)
		at org.apache.catalina.core.StandardWrapperValve.invoke(StandardWrapperValve.java:168)
		at org.apache.catalina.core.StandardContextValve.invoke(StandardContextValve.java:90)
		at org.apache.catalina.authenticator.AuthenticatorBase.invoke(AuthenticatorBase.java:482)
		at org.apache.catalina.core.StandardHostValve.invoke(StandardHostValve.java:130)
		at org.apache.catalina.valves.ErrorReportValve.invoke(ErrorReportValve.java:93)
		at org.apache.catalina.valves.AbstractAccessLogValve.invoke(AbstractAccessLogValve.java:660)
		at org.apache.catalina.core.StandardEngineValve.invoke(StandardEngineValve.java:74)
		at org.apache.catalina.connector.CoyoteAdapter.service(CoyoteAdapter.java:346)
		at org.apache.coyote.http11.Http11Processor.service(Http11Processor.java:396)
		at org.apache.coyote.AbstractProcessorLight.process(AbstractProcessorLight.java:63)
		at org.apache.coyote.AbstractProtocol$ConnectionHandler.process(AbstractProtocol.java:937)
		at org.apache.tomcat.util.net.NioEndpoint$SocketProcessor.doRun(NioEndpoint.java:1791)
		at org.apache.tomcat.util.net.SocketProcessorBase.run(SocketProcessorBase.java:52)
		at org.apache.tomcat.util.threads.ThreadPoolExecutor.runWorker(ThreadPoolExecutor.java:1190)
		at org.apache.tomcat.util.threads.ThreadPoolExecutor$Worker.run(ThreadPoolExecutor.java:659)
		at org.apache.tomcat.util.threads.TaskThread$WrappingRunnable.run(TaskThread.java:63)
		at java.base/java.lang.Thread.run(Thread.java:1575)
31-May-2026 11:04:26.841 SEVERE [http-nio-8082-exec-10] org.apache.catalina.core.ApplicationDispatcher.invoke Servlet.service() for servlet [jsp] threw exception
	java.lang.ClassNotFoundException: org.apache.jsp.individualDashboard_jsp
		at java.base/java.net.URLClassLoader.findClass(URLClassLoader.java:445)
		at org.apache.jasper.servlet.JasperLoader.loadClass(JasperLoader.java:129)
		at org.apache.jasper.servlet.JasperLoader.loadClass(JasperLoader.java:58)
		at org.apache.catalina.core.DefaultInstanceManager.newInstance(DefaultInstanceManager.java:150)
		at org.apache.jasper.servlet.JspServletWrapper.getServlet(JspServletWrapper.java:192)
		at org.apache.jasper.servlet.JspServletWrapper.service(JspServletWrapper.java:413)
		at org.apache.jasper.servlet.JspServlet.serviceJspFile(JspServlet.java:376)
		at org.apache.jasper.servlet.JspServlet.service(JspServlet.java:324)
		at javax.servlet.http.HttpServlet.service(HttpServlet.java:623)
		at org.apache.catalina.core.ApplicationFilterChain.internalDoFilter(ApplicationFilterChain.java:199)
		at org.apache.catalina.core.ApplicationFilterChain.doFilter(ApplicationFilterChain.java:144)
		at org.apache.catalina.core.ApplicationDispatcher.invoke(ApplicationDispatcher.java:642)
		at org.apache.catalina.core.ApplicationDispatcher.doInclude(ApplicationDispatcher.java:518)
		at org.apache.catalina.core.ApplicationDispatcher.include(ApplicationDispatcher.java:461)
		at org.apache.jasper.runtime.JspRuntimeLibrary.include(JspRuntimeLibrary.java:994)
		at org.apache.jsp.index_jsp._jspService(index_jsp.java:764)
		at org.apache.jasper.runtime.HttpJspBase.service(HttpJspBase.java:67)
		at javax.servlet.http.HttpServlet.service(HttpServlet.java:623)
		at org.apache.jasper.servlet.JspServletWrapper.service(JspServletWrapper.java:466)
		at org.apache.jasper.servlet.JspServlet.serviceJspFile(JspServlet.java:376)
		at org.apache.jasper.servlet.JspServlet.service(JspServlet.java:324)
		at javax.servlet.http.HttpServlet.service(HttpServlet.java:623)
		at org.apache.catalina.core.ApplicationFilterChain.internalDoFilter(ApplicationFilterChain.java:199)
		at org.apache.catalina.core.ApplicationFilterChain.doFilter(ApplicationFilterChain.java:144)
		at org.apache.tomcat.websocket.server.WsFilter.doFilter(WsFilter.java:51)
		at org.apache.catalina.core.ApplicationFilterChain.internalDoFilter(ApplicationFilterChain.java:168)
		at org.apache.catalina.core.ApplicationFilterChain.doFilter(ApplicationFilterChain.java:144)
		at org.apache.catalina.core.StandardWrapperValve.invoke(StandardWrapperValve.java:168)
		at org.apache.catalina.core.StandardContextValve.invoke(StandardContextValve.java:90)
		at org.apache.catalina.authenticator.AuthenticatorBase.invoke(AuthenticatorBase.java:482)
		at org.apache.catalina.core.StandardHostValve.invoke(StandardHostValve.java:130)
		at org.apache.catalina.valves.ErrorReportValve.invoke(ErrorReportValve.java:93)
		at org.apache.catalina.valves.AbstractAccessLogValve.invoke(AbstractAccessLogValve.java:660)
		at org.apache.catalina.core.StandardEngineValve.invoke(StandardEngineValve.java:74)
		at org.apache.catalina.connector.CoyoteAdapter.service(CoyoteAdapter.java:346)
		at org.apache.coyote.http11.Http11Processor.service(Http11Processor.java:396)
		at org.apache.coyote.AbstractProcessorLight.process(AbstractProcessorLight.java:63)
		at org.apache.coyote.AbstractProtocol$ConnectionHandler.process(AbstractProtocol.java:937)
		at org.apache.tomcat.util.net.NioEndpoint$SocketProcessor.doRun(NioEndpoint.java:1791)
		at org.apache.tomcat.util.net.SocketProcessorBase.run(SocketProcessorBase.java:52)
		at org.apache.tomcat.util.threads.ThreadPoolExecutor.runWorker(ThreadPoolExecutor.java:1190)
		at org.apache.tomcat.util.threads.ThreadPoolExecutor$Worker.run(ThreadPoolExecutor.java:659)
		at org.apache.tomcat.util.threads.TaskThread$WrappingRunnable.run(TaskThread.java:63)
		at java.base/java.lang.Thread.run(Thread.java:1575)
31-May-2026 11:04:26.842 SEVERE [http-nio-8082-exec-10] org.apache.catalina.core.StandardWrapperValve.invoke Servlet.service() for servlet [jsp] in context with path [] threw exception [An exception occurred processing [/index.jsp] at line [614]

611:         <%
612:             if ("individual".equals(currentPage)) {
613:         %>
614:             <jsp:include page="individualDashboard.jsp" />
615:         <%
616:             } else if ("group".equals(currentPage)) {
617:         %>


Stacktrace:] with root cause
	java.lang.ClassNotFoundException: org.apache.jsp.individualDashboard_jsp
		at java.base/java.net.URLClassLoader.findClass(URLClassLoader.java:445)
		at org.apache.jasper.servlet.JasperLoader.loadClass(JasperLoader.java:129)
		at org.apache.jasper.servlet.JasperLoader.loadClass(JasperLoader.java:58)
		at org.apache.catalina.core.DefaultInstanceManager.newInstance(DefaultInstanceManager.java:150)
		at org.apache.jasper.servlet.JspServletWrapper.getServlet(JspServletWrapper.java:192)
		at org.apache.jasper.servlet.JspServletWrapper.service(JspServletWrapper.java:413)
		at org.apache.jasper.servlet.JspServlet.serviceJspFile(JspServlet.java:376)
		at org.apache.jasper.servlet.JspServlet.service(JspServlet.java:324)
		at javax.servlet.http.HttpServlet.service(HttpServlet.java:623)
		at org.apache.catalina.core.ApplicationFilterChain.internalDoFilter(ApplicationFilterChain.java:199)
		at org.apache.catalina.core.ApplicationFilterChain.doFilter(ApplicationFilterChain.java:144)
		at org.apache.catalina.core.ApplicationDispatcher.invoke(ApplicationDispatcher.java:642)
		at org.apache.catalina.core.ApplicationDispatcher.doInclude(ApplicationDispatcher.java:518)
		at org.apache.catalina.core.ApplicationDispatcher.include(ApplicationDispatcher.java:461)
		at org.apache.jasper.runtime.JspRuntimeLibrary.include(JspRuntimeLibrary.java:994)
		at org.apache.jsp.index_jsp._jspService(index_jsp.java:764)
		at org.apache.jasper.runtime.HttpJspBase.service(HttpJspBase.java:67)
		at javax.servlet.http.HttpServlet.service(HttpServlet.java:623)
		at org.apache.jasper.servlet.JspServletWrapper.service(JspServletWrapper.java:466)
		at org.apache.jasper.servlet.JspServlet.serviceJspFile(JspServlet.java:376)
		at org.apache.jasper.servlet.JspServlet.service(JspServlet.java:324)
		at javax.servlet.http.HttpServlet.service(HttpServlet.java:623)
		at org.apache.catalina.core.ApplicationFilterChain.internalDoFilter(ApplicationFilterChain.java:199)
		at org.apache.catalina.core.ApplicationFilterChain.doFilter(ApplicationFilterChain.java:144)
		at org.apache.tomcat.websocket.server.WsFilter.doFilter(WsFilter.java:51)
		at org.apache.catalina.core.ApplicationFilterChain.internalDoFilter(ApplicationFilterChain.java:168)
		at org.apache.catalina.core.ApplicationFilterChain.doFilter(ApplicationFilterChain.java:144)
		at org.apache.catalina.core.StandardWrapperValve.invoke(StandardWrapperValve.java:168)
		at org.apache.catalina.core.StandardContextValve.invoke(StandardContextValve.java:90)
		at org.apache.catalina.authenticator.AuthenticatorBase.invoke(AuthenticatorBase.java:482)
		at org.apache.catalina.core.StandardHostValve.invoke(StandardHostValve.java:130)
		at org.apache.catalina.valves.ErrorReportValve.invoke(ErrorReportValve.java:93)
		at org.apache.catalina.valves.AbstractAccessLogValve.invoke(AbstractAccessLogValve.java:660)
		at org.apache.catalina.core.StandardEngineValve.invoke(StandardEngineValve.java:74)
		at org.apache.catalina.connector.CoyoteAdapter.service(CoyoteAdapter.java:346)
		at org.apache.coyote.http11.Http11Processor.service(Http11Processor.java:396)
		at org.apache.coyote.AbstractProcessorLight.process(AbstractProcessorLight.java:63)
		at org.apache.coyote.AbstractProtocol$ConnectionHandler.process(AbstractProtocol.java:937)
		at org.apache.tomcat.util.net.NioEndpoint$SocketProcessor.doRun(NioEndpoint.java:1791)
		at org.apache.tomcat.util.net.SocketProcessorBase.run(SocketProcessorBase.java:52)
		at org.apache.tomcat.util.threads.ThreadPoolExecutor.runWorker(ThreadPoolExecutor.java:1190)
		at org.apache.tomcat.util.threads.ThreadPoolExecutor$Worker.run(ThreadPoolExecutor.java:659)
		at org.apache.tomcat.util.threads.TaskThread$WrappingRunnable.run(TaskThread.java:63)
		at java.base/java.lang.Thread.run(Thread.java:1575)
31-May-2026 11:04:26.983 SEVERE [http-nio-8082-exec-2] org.apache.catalina.core.ApplicationDispatcher.invoke Servlet.service() for servlet [jsp] threw exception
	java.lang.ClassNotFoundException: org.apache.jsp.individualDashboard_jsp
		at java.base/java.net.URLClassLoader.findClass(URLClassLoader.java:445)
		at org.apache.jasper.servlet.JasperLoader.loadClass(JasperLoader.java:129)
		at org.apache.jasper.servlet.JasperLoader.loadClass(JasperLoader.java:58)
		at org.apache.catalina.core.DefaultInstanceManager.newInstance(DefaultInstanceManager.java:150)
		at org.apache.jasper.servlet.JspServletWrapper.getServlet(JspServletWrapper.java:192)
		at org.apache.jasper.servlet.JspServletWrapper.service(JspServletWrapper.java:413)
		at org.apache.jasper.servlet.JspServlet.serviceJspFile(JspServlet.java:376)
		at org.apache.jasper.servlet.JspServlet.service(JspServlet.java:324)
		at javax.servlet.http.HttpServlet.service(HttpServlet.java:623)
		at org.apache.catalina.core.ApplicationFilterChain.internalDoFilter(ApplicationFilterChain.java:199)
		at org.apache.catalina.core.ApplicationFilterChain.doFilter(ApplicationFilterChain.java:144)
		at org.apache.catalina.core.ApplicationDispatcher.invoke(ApplicationDispatcher.java:642)
		at org.apache.catalina.core.ApplicationDispatcher.doInclude(ApplicationDispatcher.java:518)
		at org.apache.catalina.core.ApplicationDispatcher.include(ApplicationDispatcher.java:461)
		at org.apache.jasper.runtime.JspRuntimeLibrary.include(JspRuntimeLibrary.java:994)
		at org.apache.jsp.index_jsp._jspService(index_jsp.java:764)
		at org.apache.jasper.runtime.HttpJspBase.service(HttpJspBase.java:67)
		at javax.servlet.http.HttpServlet.service(HttpServlet.java:623)
		at org.apache.jasper.servlet.JspServletWrapper.service(JspServletWrapper.java:466)
		at org.apache.jasper.servlet.JspServlet.serviceJspFile(JspServlet.java:376)
		at org.apache.jasper.servlet.JspServlet.service(JspServlet.java:324)
		at javax.servlet.http.HttpServlet.service(HttpServlet.java:623)
		at org.apache.catalina.core.ApplicationFilterChain.internalDoFilter(ApplicationFilterChain.java:199)
		at org.apache.catalina.core.ApplicationFilterChain.doFilter(ApplicationFilterChain.java:144)
		at org.apache.tomcat.websocket.server.WsFilter.doFilter(WsFilter.java:51)
		at org.apache.catalina.core.ApplicationFilterChain.internalDoFilter(ApplicationFilterChain.java:168)
		at org.apache.catalina.core.ApplicationFilterChain.doFilter(ApplicationFilterChain.java:144)
		at org.apache.catalina.core.StandardWrapperValve.invoke(StandardWrapperValve.java:168)
		at org.apache.catalina.core.StandardContextValve.invoke(StandardContextValve.java:90)
		at org.apache.catalina.authenticator.AuthenticatorBase.invoke(AuthenticatorBase.java:482)
		at org.apache.catalina.core.StandardHostValve.invoke(StandardHostValve.java:130)
		at org.apache.catalina.valves.ErrorReportValve.invoke(ErrorReportValve.java:93)
		at org.apache.catalina.valves.AbstractAccessLogValve.invoke(AbstractAccessLogValve.java:660)
		at org.apache.catalina.core.StandardEngineValve.invoke(StandardEngineValve.java:74)
		at org.apache.catalina.connector.CoyoteAdapter.service(CoyoteAdapter.java:346)
		at org.apache.coyote.http11.Http11Processor.service(Http11Processor.java:396)
		at org.apache.coyote.AbstractProcessorLight.process(AbstractProcessorLight.java:63)
		at org.apache.coyote.AbstractProtocol$ConnectionHandler.process(AbstractProtocol.java:937)
		at org.apache.tomcat.util.net.NioEndpoint$SocketProcessor.doRun(NioEndpoint.java:1791)
		at org.apache.tomcat.util.net.SocketProcessorBase.run(SocketProcessorBase.java:52)
		at org.apache.tomcat.util.threads.ThreadPoolExecutor.runWorker(ThreadPoolExecutor.java:1190)
		at org.apache.tomcat.util.threads.ThreadPoolExecutor$Worker.run(ThreadPoolExecutor.java:659)
		at org.apache.tomcat.util.threads.TaskThread$WrappingRunnable.run(TaskThread.java:63)
		at java.base/java.lang.Thread.run(Thread.java:1575)
31-May-2026 11:04:26.984 SEVERE [http-nio-8082-exec-2] org.apache.catalina.core.StandardWrapperValve.invoke Servlet.service() for servlet [jsp] in context with path [] threw exception [An exception occurred processing [/index.jsp] at line [614]

611:         <%
612:             if ("individual".equals(currentPage)) {
613:         %>
614:             <jsp:include page="individualDashboard.jsp" />
615:         <%
616:             } else if ("group".equals(currentPage)) {
617:         %>


Stacktrace:] with root cause
	java.lang.ClassNotFoundException: org.apache.jsp.individualDashboard_jsp
		at java.base/java.net.URLClassLoader.findClass(URLClassLoader.java:445)
		at org.apache.jasper.servlet.JasperLoader.loadClass(JasperLoader.java:129)
		at org.apache.jasper.servlet.JasperLoader.loadClass(JasperLoader.java:58)
		at org.apache.catalina.core.DefaultInstanceManager.newInstance(DefaultInstanceManager.java:150)
		at org.apache.jasper.servlet.JspServletWrapper.getServlet(JspServletWrapper.java:192)
		at org.apache.jasper.servlet.JspServletWrapper.service(JspServletWrapper.java:413)
		at org.apache.jasper.servlet.JspServlet.serviceJspFile(JspServlet.java:376)
		at org.apache.jasper.servlet.JspServlet.service(JspServlet.java:324)
		at javax.servlet.http.HttpServlet.service(HttpServlet.java:623)
		at org.apache.catalina.core.ApplicationFilterChain.internalDoFilter(ApplicationFilterChain.java:199)
		at org.apache.catalina.core.ApplicationFilterChain.doFilter(ApplicationFilterChain.java:144)
		at org.apache.catalina.core.ApplicationDispatcher.invoke(ApplicationDispatcher.java:642)
		at org.apache.catalina.core.ApplicationDispatcher.doInclude(ApplicationDispatcher.java:518)
		at org.apache.catalina.core.ApplicationDispatcher.include(ApplicationDispatcher.java:461)
		at org.apache.jasper.runtime.JspRuntimeLibrary.include(JspRuntimeLibrary.java:994)
		at org.apache.jsp.index_jsp._jspService(index_jsp.java:764)
		at org.apache.jasper.runtime.HttpJspBase.service(HttpJspBase.java:67)
		at javax.servlet.http.HttpServlet.service(HttpServlet.java:623)
		at org.apache.jasper.servlet.JspServletWrapper.service(JspServletWrapper.java:466)
		at org.apache.jasper.servlet.JspServlet.serviceJspFile(JspServlet.java:376)
		at org.apache.jasper.servlet.JspServlet.service(JspServlet.java:324)
		at javax.servlet.http.HttpServlet.service(HttpServlet.java:623)
		at org.apache.catalina.core.ApplicationFilterChain.internalDoFilter(ApplicationFilterChain.java:199)
		at org.apache.catalina.core.ApplicationFilterChain.doFilter(ApplicationFilterChain.java:144)
		at org.apache.tomcat.websocket.server.WsFilter.doFilter(WsFilter.java:51)
		at org.apache.catalina.core.ApplicationFilterChain.internalDoFilter(ApplicationFilterChain.java:168)
		at org.apache.catalina.core.ApplicationFilterChain.doFilter(ApplicationFilterChain.java:144)
		at org.apache.catalina.core.StandardWrapperValve.invoke(StandardWrapperValve.java:168)
		at org.apache.catalina.core.StandardContextValve.invoke(StandardContextValve.java:90)
		at org.apache.catalina.authenticator.AuthenticatorBase.invoke(AuthenticatorBase.java:482)
		at org.apache.catalina.core.StandardHostValve.invoke(StandardHostValve.java:130)
		at org.apache.catalina.valves.ErrorReportValve.invoke(ErrorReportValve.java:93)
		at org.apache.catalina.valves.AbstractAccessLogValve.invoke(AbstractAccessLogValve.java:660)
		at org.apache.catalina.core.StandardEngineValve.invoke(StandardEngineValve.java:74)
		at org.apache.catalina.connector.CoyoteAdapter.service(CoyoteAdapter.java:346)
		at org.apache.coyote.http11.Http11Processor.service(Http11Processor.java:396)
		at org.apache.coyote.AbstractProcessorLight.process(AbstractProcessorLight.java:63)
		at org.apache.coyote.AbstractProtocol$ConnectionHandler.process(AbstractProtocol.java:937)
		at org.apache.tomcat.util.net.NioEndpoint$SocketProcessor.doRun(NioEndpoint.java:1791)
		at org.apache.tomcat.util.net.SocketProcessorBase.run(SocketProcessorBase.java:52)
		at org.apache.tomcat.util.threads.ThreadPoolExecutor.runWorker(ThreadPoolExecutor.java:1190)
		at org.apache.tomcat.util.threads.ThreadPoolExecutor$Worker.run(ThreadPoolExecutor.java:659)
		at org.apache.tomcat.util.threads.TaskThread$WrappingRunnable.run(TaskThread.java:63)
		at java.base/java.lang.Thread.run(Thread.java:1575)
31-May-2026 11:04:27.236 SEVERE [http-nio-8082-exec-1] org.apache.catalina.core.ApplicationDispatcher.invoke Servlet.service() for servlet [jsp] threw exception
	java.lang.ClassNotFoundException: org.apache.jsp.individualDashboard_jsp
		at java.base/java.net.URLClassLoader.findClass(URLClassLoader.java:445)
		at org.apache.jasper.servlet.JasperLoader.loadClass(JasperLoader.java:129)
		at org.apache.jasper.servlet.JasperLoader.loadClass(JasperLoader.java:58)
		at org.apache.catalina.core.DefaultInstanceManager.newInstance(DefaultInstanceManager.java:150)
		at org.apache.jasper.servlet.JspServletWrapper.getServlet(JspServletWrapper.java:192)
		at org.apache.jasper.servlet.JspServletWrapper.service(JspServletWrapper.java:413)
		at org.apache.jasper.servlet.JspServlet.serviceJspFile(JspServlet.java:376)
		at org.apache.jasper.servlet.JspServlet.service(JspServlet.java:324)
		at javax.servlet.http.HttpServlet.service(HttpServlet.java:623)
		at org.apache.catalina.core.ApplicationFilterChain.internalDoFilter(ApplicationFilterChain.java:199)
		at org.apache.catalina.core.ApplicationFilterChain.doFilter(ApplicationFilterChain.java:144)
		at org.apache.catalina.core.ApplicationDispatcher.invoke(ApplicationDispatcher.java:642)
		at org.apache.catalina.core.ApplicationDispatcher.doInclude(ApplicationDispatcher.java:518)
		at org.apache.catalina.core.ApplicationDispatcher.include(ApplicationDispatcher.java:461)
		at org.apache.jasper.runtime.JspRuntimeLibrary.include(JspRuntimeLibrary.java:994)
		at org.apache.jsp.index_jsp._jspService(index_jsp.java:764)
		at org.apache.jasper.runtime.HttpJspBase.service(HttpJspBase.java:67)
		at javax.servlet.http.HttpServlet.service(HttpServlet.java:623)
		at org.apache.jasper.servlet.JspServletWrapper.service(JspServletWrapper.java:466)
		at org.apache.jasper.servlet.JspServlet.serviceJspFile(JspServlet.java:376)
		at org.apache.jasper.servlet.JspServlet.service(JspServlet.java:324)
		at javax.servlet.http.HttpServlet.service(HttpServlet.java:623)
		at org.apache.catalina.core.ApplicationFilterChain.internalDoFilter(ApplicationFilterChain.java:199)
		at org.apache.catalina.core.ApplicationFilterChain.doFilter(ApplicationFilterChain.java:144)
		at org.apache.tomcat.websocket.server.WsFilter.doFilter(WsFilter.java:51)
		at org.apache.catalina.core.ApplicationFilterChain.internalDoFilter(ApplicationFilterChain.java:168)
		at org.apache.catalina.core.ApplicationFilterChain.doFilter(ApplicationFilterChain.java:144)
		at org.apache.catalina.core.StandardWrapperValve.invoke(StandardWrapperValve.java:168)
		at org.apache.catalina.core.StandardContextValve.invoke(StandardContextValve.java:90)
		at org.apache.catalina.authenticator.AuthenticatorBase.invoke(AuthenticatorBase.java:482)
		at org.apache.catalina.core.StandardHostValve.invoke(StandardHostValve.java:130)
		at org.apache.catalina.valves.ErrorReportValve.invoke(ErrorReportValve.java:93)
		at org.apache.catalina.valves.AbstractAccessLogValve.invoke(AbstractAccessLogValve.java:660)
		at org.apache.catalina.core.StandardEngineValve.invoke(StandardEngineValve.java:74)
		at org.apache.catalina.connector.CoyoteAdapter.service(CoyoteAdapter.java:346)
		at org.apache.coyote.http11.Http11Processor.service(Http11Processor.java:396)
		at org.apache.coyote.AbstractProcessorLight.process(AbstractProcessorLight.java:63)
		at org.apache.coyote.AbstractProtocol$ConnectionHandler.process(AbstractProtocol.java:937)
		at org.apache.tomcat.util.net.NioEndpoint$SocketProcessor.doRun(NioEndpoint.java:1791)
		at org.apache.tomcat.util.net.SocketProcessorBase.run(SocketProcessorBase.java:52)
		at org.apache.tomcat.util.threads.ThreadPoolExecutor.runWorker(ThreadPoolExecutor.java:1190)
		at org.apache.tomcat.util.threads.ThreadPoolExecutor$Worker.run(ThreadPoolExecutor.java:659)
		at org.apache.tomcat.util.threads.TaskThread$WrappingRunnable.run(TaskThread.java:63)
		at java.base/java.lang.Thread.run(Thread.java:1575)
31-May-2026 11:04:27.236 SEVERE [http-nio-8082-exec-1] org.apache.catalina.core.StandardWrapperValve.invoke Servlet.service() for servlet [jsp] in context with path [] threw exception [An exception occurred processing [/index.jsp] at line [614]

611:         <%
612:             if ("individual".equals(currentPage)) {
613:         %>
614:             <jsp:include page="individualDashboard.jsp" />
615:         <%
616:             } else if ("group".equals(currentPage)) {
617:         %>


Stacktrace:] with root cause
	java.lang.ClassNotFoundException: org.apache.jsp.individualDashboard_jsp
		at java.base/java.net.URLClassLoader.findClass(URLClassLoader.java:445)
		at org.apache.jasper.servlet.JasperLoader.loadClass(JasperLoader.java:129)
		at org.apache.jasper.servlet.JasperLoader.loadClass(JasperLoader.java:58)
		at org.apache.catalina.core.DefaultInstanceManager.newInstance(DefaultInstanceManager.java:150)
		at org.apache.jasper.servlet.JspServletWrapper.getServlet(JspServletWrapper.java:192)
		at org.apache.jasper.servlet.JspServletWrapper.service(JspServletWrapper.java:413)
		at org.apache.jasper.servlet.JspServlet.serviceJspFile(JspServlet.java:376)
		at org.apache.jasper.servlet.JspServlet.service(JspServlet.java:324)
		at javax.servlet.http.HttpServlet.service(HttpServlet.java:623)
		at org.apache.catalina.core.ApplicationFilterChain.internalDoFilter(ApplicationFilterChain.java:199)
		at org.apache.catalina.core.ApplicationFilterChain.doFilter(ApplicationFilterChain.java:144)
		at org.apache.catalina.core.ApplicationDispatcher.invoke(ApplicationDispatcher.java:642)
		at org.apache.catalina.core.ApplicationDispatcher.doInclude(ApplicationDispatcher.java:518)
		at org.apache.catalina.core.ApplicationDispatcher.include(ApplicationDispatcher.java:461)
		at org.apache.jasper.runtime.JspRuntimeLibrary.include(JspRuntimeLibrary.java:994)
		at org.apache.jsp.index_jsp._jspService(index_jsp.java:764)
		at org.apache.jasper.runtime.HttpJspBase.service(HttpJspBase.java:67)
		at javax.servlet.http.HttpServlet.service(HttpServlet.java:623)
		at org.apache.jasper.servlet.JspServletWrapper.service(JspServletWrapper.java:466)
		at org.apache.jasper.servlet.JspServlet.serviceJspFile(JspServlet.java:376)
		at org.apache.jasper.servlet.JspServlet.service(JspServlet.java:324)
		at javax.servlet.http.HttpServlet.service(HttpServlet.java:623)
		at org.apache.catalina.core.ApplicationFilterChain.internalDoFilter(ApplicationFilterChain.java:199)
		at org.apache.catalina.core.ApplicationFilterChain.doFilter(ApplicationFilterChain.java:144)
		at org.apache.tomcat.websocket.server.WsFilter.doFilter(WsFilter.java:51)
		at org.apache.catalina.core.ApplicationFilterChain.internalDoFilter(ApplicationFilterChain.java:168)
		at org.apache.catalina.core.ApplicationFilterChain.doFilter(ApplicationFilterChain.java:144)
		at org.apache.catalina.core.StandardWrapperValve.invoke(StandardWrapperValve.java:168)
		at org.apache.catalina.core.StandardContextValve.invoke(StandardContextValve.java:90)
		at org.apache.catalina.authenticator.AuthenticatorBase.invoke(AuthenticatorBase.java:482)
		at org.apache.catalina.core.StandardHostValve.invoke(StandardHostValve.java:130)
		at org.apache.catalina.valves.ErrorReportValve.invoke(ErrorReportValve.java:93)
		at org.apache.catalina.valves.AbstractAccessLogValve.invoke(AbstractAccessLogValve.java:660)
		at org.apache.catalina.core.StandardEngineValve.invoke(StandardEngineValve.java:74)
		at org.apache.catalina.connector.CoyoteAdapter.service(CoyoteAdapter.java:346)
		at org.apache.coyote.http11.Http11Processor.service(Http11Processor.java:396)
		at org.apache.coyote.AbstractProcessorLight.process(AbstractProcessorLight.java:63)
		at org.apache.coyote.AbstractProtocol$ConnectionHandler.process(AbstractProtocol.java:937)
		at org.apache.tomcat.util.net.NioEndpoint$SocketProcessor.doRun(NioEndpoint.java:1791)
		at org.apache.tomcat.util.net.SocketProcessorBase.run(SocketProcessorBase.java:52)
		at org.apache.tomcat.util.threads.ThreadPoolExecutor.runWorker(ThreadPoolExecutor.java:1190)
		at org.apache.tomcat.util.threads.ThreadPoolExecutor$Worker.run(ThreadPoolExecutor.java:659)
		at org.apache.tomcat.util.threads.TaskThread$WrappingRunnable.run(TaskThread.java:63)
		at java.base/java.lang.Thread.run(Thread.java:1575)
31-May-2026 11:04:27.319 SEVERE [http-nio-8082-exec-3] org.apache.catalina.core.ApplicationDispatcher.invoke Servlet.service() for servlet [jsp] threw exception
	java.lang.ClassNotFoundException: org.apache.jsp.individualDashboard_jsp
		at java.base/java.net.URLClassLoader.findClass(URLClassLoader.java:445)
		at org.apache.jasper.servlet.JasperLoader.loadClass(JasperLoader.java:129)
		at org.apache.jasper.servlet.JasperLoader.loadClass(JasperLoader.java:58)
		at org.apache.catalina.core.DefaultInstanceManager.newInstance(DefaultInstanceManager.java:150)
		at org.apache.jasper.servlet.JspServletWrapper.getServlet(JspServletWrapper.java:192)
		at org.apache.jasper.servlet.JspServletWrapper.service(JspServletWrapper.java:413)
		at org.apache.jasper.servlet.JspServlet.serviceJspFile(JspServlet.java:376)
		at org.apache.jasper.servlet.JspServlet.service(JspServlet.java:324)
		at javax.servlet.http.HttpServlet.service(HttpServlet.java:623)
		at org.apache.catalina.core.ApplicationFilterChain.internalDoFilter(ApplicationFilterChain.java:199)
		at org.apache.catalina.core.ApplicationFilterChain.doFilter(ApplicationFilterChain.java:144)
		at org.apache.catalina.core.ApplicationDispatcher.invoke(ApplicationDispatcher.java:642)
		at org.apache.catalina.core.ApplicationDispatcher.doInclude(ApplicationDispatcher.java:518)
		at org.apache.catalina.core.ApplicationDispatcher.include(ApplicationDispatcher.java:461)
		at org.apache.jasper.runtime.JspRuntimeLibrary.include(JspRuntimeLibrary.java:994)
		at org.apache.jsp.index_jsp._jspService(index_jsp.java:764)
		at org.apache.jasper.runtime.HttpJspBase.service(HttpJspBase.java:67)
		at javax.servlet.http.HttpServlet.service(HttpServlet.java:623)
		at org.apache.jasper.servlet.JspServletWrapper.service(JspServletWrapper.java:466)
		at org.apache.jasper.servlet.JspServlet.serviceJspFile(JspServlet.java:376)
		at org.apache.jasper.servlet.JspServlet.service(JspServlet.java:324)
		at javax.servlet.http.HttpServlet.service(HttpServlet.java:623)
		at org.apache.catalina.core.ApplicationFilterChain.internalDoFilter(ApplicationFilterChain.java:199)
		at org.apache.catalina.core.ApplicationFilterChain.doFilter(ApplicationFilterChain.java:144)
		at org.apache.tomcat.websocket.server.WsFilter.doFilter(WsFilter.java:51)
		at org.apache.catalina.core.ApplicationFilterChain.internalDoFilter(ApplicationFilterChain.java:168)
		at org.apache.catalina.core.ApplicationFilterChain.doFilter(ApplicationFilterChain.java:144)
		at org.apache.catalina.core.StandardWrapperValve.invoke(StandardWrapperValve.java:168)
		at org.apache.catalina.core.StandardContextValve.invoke(StandardContextValve.java:90)
		at org.apache.catalina.authenticator.AuthenticatorBase.invoke(AuthenticatorBase.java:482)
		at org.apache.catalina.core.StandardHostValve.invoke(StandardHostValve.java:130)
		at org.apache.catalina.valves.ErrorReportValve.invoke(ErrorReportValve.java:93)
		at org.apache.catalina.valves.AbstractAccessLogValve.invoke(AbstractAccessLogValve.java:660)
		at org.apache.catalina.core.StandardEngineValve.invoke(StandardEngineValve.java:74)
		at org.apache.catalina.connector.CoyoteAdapter.service(CoyoteAdapter.java:346)
		at org.apache.coyote.http11.Http11Processor.service(Http11Processor.java:396)
		at org.apache.coyote.AbstractProcessorLight.process(AbstractProcessorLight.java:63)
		at org.apache.coyote.AbstractProtocol$ConnectionHandler.process(AbstractProtocol.java:937)
		at org.apache.tomcat.util.net.NioEndpoint$SocketProcessor.doRun(NioEndpoint.java:1791)
		at org.apache.tomcat.util.net.SocketProcessorBase.run(SocketProcessorBase.java:52)
		at org.apache.tomcat.util.threads.ThreadPoolExecutor.runWorker(ThreadPoolExecutor.java:1190)
		at org.apache.tomcat.util.threads.ThreadPoolExecutor$Worker.run(ThreadPoolExecutor.java:659)
		at org.apache.tomcat.util.threads.TaskThread$WrappingRunnable.run(TaskThread.java:63)
		at java.base/java.lang.Thread.run(Thread.java:1575)
31-May-2026 11:04:27.321 SEVERE [http-nio-8082-exec-3] org.apache.catalina.core.StandardWrapperValve.invoke Servlet.service() for servlet [jsp] in context with path [] threw exception [An exception occurred processing [/index.jsp] at line [614]

611:         <%
612:             if ("individual".equals(currentPage)) {
613:         %>
614:             <jsp:include page="individualDashboard.jsp" />
615:         <%
616:             } else if ("group".equals(currentPage)) {
617:         %>


Stacktrace:] with root cause
	java.lang.ClassNotFoundException: org.apache.jsp.individualDashboard_jsp
		at java.base/java.net.URLClassLoader.findClass(URLClassLoader.java:445)
		at org.apache.jasper.servlet.JasperLoader.loadClass(JasperLoader.java:129)
		at org.apache.jasper.servlet.JasperLoader.loadClass(JasperLoader.java:58)
		at org.apache.catalina.core.DefaultInstanceManager.newInstance(DefaultInstanceManager.java:150)
		at org.apache.jasper.servlet.JspServletWrapper.getServlet(JspServletWrapper.java:192)
		at org.apache.jasper.servlet.JspServletWrapper.service(JspServletWrapper.java:413)
		at org.apache.jasper.servlet.JspServlet.serviceJspFile(JspServlet.java:376)
		at org.apache.jasper.servlet.JspServlet.service(JspServlet.java:324)
		at javax.servlet.http.HttpServlet.service(HttpServlet.java:623)
		at org.apache.catalina.core.ApplicationFilterChain.internalDoFilter(ApplicationFilterChain.java:199)
		at org.apache.catalina.core.ApplicationFilterChain.doFilter(ApplicationFilterChain.java:144)
		at org.apache.catalina.core.ApplicationDispatcher.invoke(ApplicationDispatcher.java:642)
		at org.apache.catalina.core.ApplicationDispatcher.doInclude(ApplicationDispatcher.java:518)
		at org.apache.catalina.core.ApplicationDispatcher.include(ApplicationDispatcher.java:461)
		at org.apache.jasper.runtime.JspRuntimeLibrary.include(JspRuntimeLibrary.java:994)
		at org.apache.jsp.index_jsp._jspService(index_jsp.java:764)
		at org.apache.jasper.runtime.HttpJspBase.service(HttpJspBase.java:67)
		at javax.servlet.http.HttpServlet.service(HttpServlet.java:623)
		at org.apache.jasper.servlet.JspServletWrapper.service(JspServletWrapper.java:466)
		at org.apache.jasper.servlet.JspServlet.serviceJspFile(JspServlet.java:376)
		at org.apache.jasper.servlet.JspServlet.service(JspServlet.java:324)
		at javax.servlet.http.HttpServlet.service(HttpServlet.java:623)
		at org.apache.catalina.core.ApplicationFilterChain.internalDoFilter(ApplicationFilterChain.java:199)
		at org.apache.catalina.core.ApplicationFilterChain.doFilter(ApplicationFilterChain.java:144)
		at org.apache.tomcat.websocket.server.WsFilter.doFilter(WsFilter.java:51)
		at org.apache.catalina.core.ApplicationFilterChain.internalDoFilter(ApplicationFilterChain.java:168)
		at org.apache.catalina.core.ApplicationFilterChain.doFilter(ApplicationFilterChain.java:144)
		at org.apache.catalina.core.StandardWrapperValve.invoke(StandardWrapperValve.java:168)
		at org.apache.catalina.core.StandardContextValve.invoke(StandardContextValve.java:90)
		at org.apache.catalina.authenticator.AuthenticatorBase.invoke(AuthenticatorBase.java:482)
		at org.apache.catalina.core.StandardHostValve.invoke(StandardHostValve.java:130)
		at org.apache.catalina.valves.ErrorReportValve.invoke(ErrorReportValve.java:93)
		at org.apache.catalina.valves.AbstractAccessLogValve.invoke(AbstractAccessLogValve.java:660)
		at org.apache.catalina.core.StandardEngineValve.invoke(StandardEngineValve.java:74)
		at org.apache.catalina.connector.CoyoteAdapter.service(CoyoteAdapter.java:346)
		at org.apache.coyote.http11.Http11Processor.service(Http11Processor.java:396)
		at org.apache.coyote.AbstractProcessorLight.process(AbstractProcessorLight.java:63)
		at org.apache.coyote.AbstractProtocol$ConnectionHandler.process(AbstractProtocol.java:937)
		at org.apache.tomcat.util.net.NioEndpoint$SocketProcessor.doRun(NioEndpoint.java:1791)
		at org.apache.tomcat.util.net.SocketProcessorBase.run(SocketProcessorBase.java:52)
		at org.apache.tomcat.util.threads.ThreadPoolExecutor.runWorker(ThreadPoolExecutor.java:1190)
		at org.apache.tomcat.util.threads.ThreadPoolExecutor$Worker.run(ThreadPoolExecutor.java:659)
		at org.apache.tomcat.util.threads.TaskThread$WrappingRunnable.run(TaskThread.java:63)
		at java.base/java.lang.Thread.run(Thread.java:1575)
31-May-2026 11:20:32.284 SEVERE [http-nio-8082-exec-6] org.apache.catalina.core.ApplicationDispatcher.invoke Servlet.service() for servlet [jsp] threw exception
	org.apache.jasper.JasperException: Unable to compile class for JSP: 

An error occurred at line: [536] in the jsp file: [/individualDashboard.jsp]
counter cannot be resolved to a variable
533:         %>
534:         </table>
535: 
536:         <% if (counter == 1) { %>
537:             <style>
538:                 .task-table { display: none; }
539:                 .empty-state-card {


Stacktrace:
		at org.apache.jasper.compiler.DefaultErrorHandler.javacError(DefaultErrorHandler.java:72)
		at org.apache.jasper.compiler.ErrorDispatcher.javacError(ErrorDispatcher.java:192)
		at org.apache.jasper.compiler.JDTCompiler.generateClass(JDTCompiler.java:542)
		at org.apache.jasper.compiler.Compiler.compile(Compiler.java:371)
		at org.apache.jasper.compiler.Compiler.compile(Compiler.java:343)
		at org.apache.jasper.compiler.Compiler.compile(Compiler.java:329)
		at org.apache.jasper.JspCompilationContext.compile(JspCompilationContext.java:603)
		at org.apache.jasper.servlet.JspServletWrapper.service(JspServletWrapper.java:399)
		at org.apache.jasper.servlet.JspServlet.serviceJspFile(JspServlet.java:376)
		at org.apache.jasper.servlet.JspServlet.service(JspServlet.java:324)
		at javax.servlet.http.HttpServlet.service(HttpServlet.java:623)
		at org.apache.catalina.core.ApplicationFilterChain.internalDoFilter(ApplicationFilterChain.java:199)
		at org.apache.catalina.core.ApplicationFilterChain.doFilter(ApplicationFilterChain.java:144)
		at org.apache.catalina.core.ApplicationDispatcher.invoke(ApplicationDispatcher.java:642)
		at org.apache.catalina.core.ApplicationDispatcher.doInclude(ApplicationDispatcher.java:518)
		at org.apache.catalina.core.ApplicationDispatcher.include(ApplicationDispatcher.java:461)
		at org.apache.jasper.runtime.JspRuntimeLibrary.include(JspRuntimeLibrary.java:994)
		at org.apache.jsp.index_jsp._jspService(index_jsp.java:961)
		at org.apache.jasper.runtime.HttpJspBase.service(HttpJspBase.java:67)
		at javax.servlet.http.HttpServlet.service(HttpServlet.java:623)
		at org.apache.jasper.servlet.JspServletWrapper.service(JspServletWrapper.java:466)
		at org.apache.jasper.servlet.JspServlet.serviceJspFile(JspServlet.java:376)
		at org.apache.jasper.servlet.JspServlet.service(JspServlet.java:324)
		at javax.servlet.http.HttpServlet.service(HttpServlet.java:623)
		at org.apache.catalina.core.ApplicationFilterChain.internalDoFilter(ApplicationFilterChain.java:199)
		at org.apache.catalina.core.ApplicationFilterChain.doFilter(ApplicationFilterChain.java:144)
		at org.apache.tomcat.websocket.server.WsFilter.doFilter(WsFilter.java:51)
		at org.apache.catalina.core.ApplicationFilterChain.internalDoFilter(ApplicationFilterChain.java:168)
		at org.apache.catalina.core.ApplicationFilterChain.doFilter(ApplicationFilterChain.java:144)
		at org.apache.catalina.core.StandardWrapperValve.invoke(StandardWrapperValve.java:168)
		at org.apache.catalina.core.StandardContextValve.invoke(StandardContextValve.java:90)
		at org.apache.catalina.authenticator.AuthenticatorBase.invoke(AuthenticatorBase.java:482)
		at org.apache.catalina.core.StandardHostValve.invoke(StandardHostValve.java:130)
		at org.apache.catalina.valves.ErrorReportValve.invoke(ErrorReportValve.java:93)
		at org.apache.catalina.valves.AbstractAccessLogValve.invoke(AbstractAccessLogValve.java:660)
		at org.apache.catalina.core.StandardEngineValve.invoke(StandardEngineValve.java:74)
		at org.apache.catalina.connector.CoyoteAdapter.service(CoyoteAdapter.java:346)
		at org.apache.coyote.http11.Http11Processor.service(Http11Processor.java:396)
		at org.apache.coyote.AbstractProcessorLight.process(AbstractProcessorLight.java:63)
		at org.apache.coyote.AbstractProtocol$ConnectionHandler.process(AbstractProtocol.java:937)
		at org.apache.tomcat.util.net.NioEndpoint$SocketProcessor.doRun(NioEndpoint.java:1791)
		at org.apache.tomcat.util.net.SocketProcessorBase.run(SocketProcessorBase.java:52)
		at org.apache.tomcat.util.threads.ThreadPoolExecutor.runWorker(ThreadPoolExecutor.java:1190)
		at org.apache.tomcat.util.threads.ThreadPoolExecutor$Worker.run(ThreadPoolExecutor.java:659)
		at org.apache.tomcat.util.threads.TaskThread$WrappingRunnable.run(TaskThread.java:63)
		at java.base/java.lang.Thread.run(Thread.java:1575)
31-May-2026 11:20:32.285 SEVERE [http-nio-8082-exec-6] org.apache.catalina.core.StandardWrapperValve.invoke Servlet.service() for servlet [jsp] in context with path [] threw exception [Unable to compile class for JSP: 

An error occurred at line: [536] in the jsp file: [/individualDashboard.jsp]
counter cannot be resolved to a variable
533:         %>
534:         </table>
535: 
536:         <% if (counter == 1) { %>
537:             <style>
538:                 .task-table { display: none; }
539:                 .empty-state-card {


Stacktrace:] with root cause
	org.apache.jasper.JasperException: Unable to compile class for JSP: 

An error occurred at line: [536] in the jsp file: [/individualDashboard.jsp]
counter cannot be resolved to a variable
533:         %>
534:         </table>
535: 
536:         <% if (counter == 1) { %>
537:             <style>
538:                 .task-table { display: none; }
539:                 .empty-state-card {


Stacktrace:
		at org.apache.jasper.compiler.DefaultErrorHandler.javacError(DefaultErrorHandler.java:72)
		at org.apache.jasper.compiler.ErrorDispatcher.javacError(ErrorDispatcher.java:192)
		at org.apache.jasper.compiler.JDTCompiler.generateClass(JDTCompiler.java:542)
		at org.apache.jasper.compiler.Compiler.compile(Compiler.java:371)
		at org.apache.jasper.compiler.Compiler.compile(Compiler.java:343)
		at org.apache.jasper.compiler.Compiler.compile(Compiler.java:329)
		at org.apache.jasper.JspCompilationContext.compile(JspCompilationContext.java:603)
		at org.apache.jasper.servlet.JspServletWrapper.service(JspServletWrapper.java:399)
		at org.apache.jasper.servlet.JspServlet.serviceJspFile(JspServlet.java:376)
		at org.apache.jasper.servlet.JspServlet.service(JspServlet.java:324)
		at javax.servlet.http.HttpServlet.service(HttpServlet.java:623)
		at org.apache.catalina.core.ApplicationFilterChain.internalDoFilter(ApplicationFilterChain.java:199)
		at org.apache.catalina.core.ApplicationFilterChain.doFilter(ApplicationFilterChain.java:144)
		at org.apache.catalina.core.ApplicationDispatcher.invoke(ApplicationDispatcher.java:642)
		at org.apache.catalina.core.ApplicationDispatcher.doInclude(ApplicationDispatcher.java:518)
		at org.apache.catalina.core.ApplicationDispatcher.include(ApplicationDispatcher.java:461)
		at org.apache.jasper.runtime.JspRuntimeLibrary.include(JspRuntimeLibrary.java:994)
		at org.apache.jsp.index_jsp._jspService(index_jsp.java:961)
		at org.apache.jasper.runtime.HttpJspBase.service(HttpJspBase.java:67)
		at javax.servlet.http.HttpServlet.service(HttpServlet.java:623)
		at org.apache.jasper.servlet.JspServletWrapper.service(JspServletWrapper.java:466)
		at org.apache.jasper.servlet.JspServlet.serviceJspFile(JspServlet.java:376)
		at org.apache.jasper.servlet.JspServlet.service(JspServlet.java:324)
		at javax.servlet.http.HttpServlet.service(HttpServlet.java:623)
		at org.apache.catalina.core.ApplicationFilterChain.internalDoFilter(ApplicationFilterChain.java:199)
		at org.apache.catalina.core.ApplicationFilterChain.doFilter(ApplicationFilterChain.java:144)
		at org.apache.tomcat.websocket.server.WsFilter.doFilter(WsFilter.java:51)
		at org.apache.catalina.core.ApplicationFilterChain.internalDoFilter(ApplicationFilterChain.java:168)
		at org.apache.catalina.core.ApplicationFilterChain.doFilter(ApplicationFilterChain.java:144)
		at org.apache.catalina.core.StandardWrapperValve.invoke(StandardWrapperValve.java:168)
		at org.apache.catalina.core.StandardContextValve.invoke(StandardContextValve.java:90)
		at org.apache.catalina.authenticator.AuthenticatorBase.invoke(AuthenticatorBase.java:482)
		at org.apache.catalina.core.StandardHostValve.invoke(StandardHostValve.java:130)
		at org.apache.catalina.valves.ErrorReportValve.invoke(ErrorReportValve.java:93)
		at org.apache.catalina.valves.AbstractAccessLogValve.invoke(AbstractAccessLogValve.java:660)
		at org.apache.catalina.core.StandardEngineValve.invoke(StandardEngineValve.java:74)
		at org.apache.catalina.connector.CoyoteAdapter.service(CoyoteAdapter.java:346)
		at org.apache.coyote.http11.Http11Processor.service(Http11Processor.java:396)
		at org.apache.coyote.AbstractProcessorLight.process(AbstractProcessorLight.java:63)
		at org.apache.coyote.AbstractProtocol$ConnectionHandler.process(AbstractProtocol.java:937)
		at org.apache.tomcat.util.net.NioEndpoint$SocketProcessor.doRun(NioEndpoint.java:1791)
		at org.apache.tomcat.util.net.SocketProcessorBase.run(SocketProcessorBase.java:52)
		at org.apache.tomcat.util.threads.ThreadPoolExecutor.runWorker(ThreadPoolExecutor.java:1190)
		at org.apache.tomcat.util.threads.ThreadPoolExecutor$Worker.run(ThreadPoolExecutor.java:659)
		at org.apache.tomcat.util.threads.TaskThread$WrappingRunnable.run(TaskThread.java:63)
		at java.base/java.lang.Thread.run(Thread.java:1575)
31-May-2026 11:20:39.510 SEVERE [http-nio-8082-exec-9] org.apache.catalina.core.ApplicationDispatcher.invoke Servlet.service() for servlet [jsp] threw exception
	org.apache.jasper.JasperException: Unable to compile class for JSP: 

An error occurred at line: [536] in the jsp file: [/individualDashboard.jsp]
counter cannot be resolved to a variable
533:         %>
534:         </table>
535: 
536:         <% if (counter == 1) { %>
537:             <style>
538:                 .task-table { display: none; }
539:                 .empty-state-card {


Stacktrace:
		at org.apache.jasper.compiler.DefaultErrorHandler.javacError(DefaultErrorHandler.java:72)
		at org.apache.jasper.compiler.ErrorDispatcher.javacError(ErrorDispatcher.java:192)
		at org.apache.jasper.compiler.JDTCompiler.generateClass(JDTCompiler.java:542)
		at org.apache.jasper.compiler.Compiler.compile(Compiler.java:371)
		at org.apache.jasper.compiler.Compiler.compile(Compiler.java:343)
		at org.apache.jasper.compiler.Compiler.compile(Compiler.java:329)
		at org.apache.jasper.JspCompilationContext.compile(JspCompilationContext.java:603)
		at org.apache.jasper.servlet.JspServletWrapper.service(JspServletWrapper.java:399)
		at org.apache.jasper.servlet.JspServlet.serviceJspFile(JspServlet.java:376)
		at org.apache.jasper.servlet.JspServlet.service(JspServlet.java:324)
		at javax.servlet.http.HttpServlet.service(HttpServlet.java:623)
		at org.apache.catalina.core.ApplicationFilterChain.internalDoFilter(ApplicationFilterChain.java:199)
		at org.apache.catalina.core.ApplicationFilterChain.doFilter(ApplicationFilterChain.java:144)
		at org.apache.catalina.core.ApplicationDispatcher.invoke(ApplicationDispatcher.java:642)
		at org.apache.catalina.core.ApplicationDispatcher.doInclude(ApplicationDispatcher.java:518)
		at org.apache.catalina.core.ApplicationDispatcher.include(ApplicationDispatcher.java:461)
		at org.apache.jasper.runtime.JspRuntimeLibrary.include(JspRuntimeLibrary.java:994)
		at org.apache.jsp.index_jsp._jspService(index_jsp.java:961)
		at org.apache.jasper.runtime.HttpJspBase.service(HttpJspBase.java:67)
		at javax.servlet.http.HttpServlet.service(HttpServlet.java:623)
		at org.apache.jasper.servlet.JspServletWrapper.service(JspServletWrapper.java:466)
		at org.apache.jasper.servlet.JspServlet.serviceJspFile(JspServlet.java:376)
		at org.apache.jasper.servlet.JspServlet.service(JspServlet.java:324)
		at javax.servlet.http.HttpServlet.service(HttpServlet.java:623)
		at org.apache.catalina.core.ApplicationFilterChain.internalDoFilter(ApplicationFilterChain.java:199)
		at org.apache.catalina.core.ApplicationFilterChain.doFilter(ApplicationFilterChain.java:144)
		at org.apache.tomcat.websocket.server.WsFilter.doFilter(WsFilter.java:51)
		at org.apache.catalina.core.ApplicationFilterChain.internalDoFilter(ApplicationFilterChain.java:168)
		at org.apache.catalina.core.ApplicationFilterChain.doFilter(ApplicationFilterChain.java:144)
		at org.apache.catalina.core.StandardWrapperValve.invoke(StandardWrapperValve.java:168)
		at org.apache.catalina.core.StandardContextValve.invoke(StandardContextValve.java:90)
		at org.apache.catalina.authenticator.AuthenticatorBase.invoke(AuthenticatorBase.java:482)
		at org.apache.catalina.core.StandardHostValve.invoke(StandardHostValve.java:130)
		at org.apache.catalina.valves.ErrorReportValve.invoke(ErrorReportValve.java:93)
		at org.apache.catalina.valves.AbstractAccessLogValve.invoke(AbstractAccessLogValve.java:660)
		at org.apache.catalina.core.StandardEngineValve.invoke(StandardEngineValve.java:74)
		at org.apache.catalina.connector.CoyoteAdapter.service(CoyoteAdapter.java:346)
		at org.apache.coyote.http11.Http11Processor.service(Http11Processor.java:396)
		at org.apache.coyote.AbstractProcessorLight.process(AbstractProcessorLight.java:63)
		at org.apache.coyote.AbstractProtocol$ConnectionHandler.process(AbstractProtocol.java:937)
		at org.apache.tomcat.util.net.NioEndpoint$SocketProcessor.doRun(NioEndpoint.java:1791)
		at org.apache.tomcat.util.net.SocketProcessorBase.run(SocketProcessorBase.java:52)
		at org.apache.tomcat.util.threads.ThreadPoolExecutor.runWorker(ThreadPoolExecutor.java:1190)
		at org.apache.tomcat.util.threads.ThreadPoolExecutor$Worker.run(ThreadPoolExecutor.java:659)
		at org.apache.tomcat.util.threads.TaskThread$WrappingRunnable.run(TaskThread.java:63)
		at java.base/java.lang.Thread.run(Thread.java:1575)
31-May-2026 11:20:39.511 SEVERE [http-nio-8082-exec-9] org.apache.catalina.core.StandardWrapperValve.invoke Servlet.service() for servlet [jsp] in context with path [] threw exception [Unable to compile class for JSP: 

An error occurred at line: [536] in the jsp file: [/individualDashboard.jsp]
counter cannot be resolved to a variable
533:         %>
534:         </table>
535: 
536:         <% if (counter == 1) { %>
537:             <style>
538:                 .task-table { display: none; }
539:                 .empty-state-card {


Stacktrace:] with root cause
	org.apache.jasper.JasperException: Unable to compile class for JSP: 

An error occurred at line: [536] in the jsp file: [/individualDashboard.jsp]
counter cannot be resolved to a variable
533:         %>
534:         </table>
535: 
536:         <% if (counter == 1) { %>
537:             <style>
538:                 .task-table { display: none; }
539:                 .empty-state-card {


Stacktrace:
		at org.apache.jasper.compiler.DefaultErrorHandler.javacError(DefaultErrorHandler.java:72)
		at org.apache.jasper.compiler.ErrorDispatcher.javacError(ErrorDispatcher.java:192)
		at org.apache.jasper.compiler.JDTCompiler.generateClass(JDTCompiler.java:542)
		at org.apache.jasper.compiler.Compiler.compile(Compiler.java:371)
		at org.apache.jasper.compiler.Compiler.compile(Compiler.java:343)
		at org.apache.jasper.compiler.Compiler.compile(Compiler.java:329)
		at org.apache.jasper.JspCompilationContext.compile(JspCompilationContext.java:603)
		at org.apache.jasper.servlet.JspServletWrapper.service(JspServletWrapper.java:399)
		at org.apache.jasper.servlet.JspServlet.serviceJspFile(JspServlet.java:376)
		at org.apache.jasper.servlet.JspServlet.service(JspServlet.java:324)
		at javax.servlet.http.HttpServlet.service(HttpServlet.java:623)
		at org.apache.catalina.core.ApplicationFilterChain.internalDoFilter(ApplicationFilterChain.java:199)
		at org.apache.catalina.core.ApplicationFilterChain.doFilter(ApplicationFilterChain.java:144)
		at org.apache.catalina.core.ApplicationDispatcher.invoke(ApplicationDispatcher.java:642)
		at org.apache.catalina.core.ApplicationDispatcher.doInclude(ApplicationDispatcher.java:518)
		at org.apache.catalina.core.ApplicationDispatcher.include(ApplicationDispatcher.java:461)
		at org.apache.jasper.runtime.JspRuntimeLibrary.include(JspRuntimeLibrary.java:994)
		at org.apache.jsp.index_jsp._jspService(index_jsp.java:961)
		at org.apache.jasper.runtime.HttpJspBase.service(HttpJspBase.java:67)
		at javax.servlet.http.HttpServlet.service(HttpServlet.java:623)
		at org.apache.jasper.servlet.JspServletWrapper.service(JspServletWrapper.java:466)
		at org.apache.jasper.servlet.JspServlet.serviceJspFile(JspServlet.java:376)
		at org.apache.jasper.servlet.JspServlet.service(JspServlet.java:324)
		at javax.servlet.http.HttpServlet.service(HttpServlet.java:623)
		at org.apache.catalina.core.ApplicationFilterChain.internalDoFilter(ApplicationFilterChain.java:199)
		at org.apache.catalina.core.ApplicationFilterChain.doFilter(ApplicationFilterChain.java:144)
		at org.apache.tomcat.websocket.server.WsFilter.doFilter(WsFilter.java:51)
		at org.apache.catalina.core.ApplicationFilterChain.internalDoFilter(ApplicationFilterChain.java:168)
		at org.apache.catalina.core.ApplicationFilterChain.doFilter(ApplicationFilterChain.java:144)
		at org.apache.catalina.core.StandardWrapperValve.invoke(StandardWrapperValve.java:168)
		at org.apache.catalina.core.StandardContextValve.invoke(StandardContextValve.java:90)
		at org.apache.catalina.authenticator.AuthenticatorBase.invoke(AuthenticatorBase.java:482)
		at org.apache.catalina.core.StandardHostValve.invoke(StandardHostValve.java:130)
		at org.apache.catalina.valves.ErrorReportValve.invoke(ErrorReportValve.java:93)
		at org.apache.catalina.valves.AbstractAccessLogValve.invoke(AbstractAccessLogValve.java:660)
		at org.apache.catalina.core.StandardEngineValve.invoke(StandardEngineValve.java:74)
		at org.apache.catalina.connector.CoyoteAdapter.service(CoyoteAdapter.java:346)
		at org.apache.coyote.http11.Http11Processor.service(Http11Processor.java:396)
		at org.apache.coyote.AbstractProcessorLight.process(AbstractProcessorLight.java:63)
		at org.apache.coyote.AbstractProtocol$ConnectionHandler.process(AbstractProtocol.java:937)
		at org.apache.tomcat.util.net.NioEndpoint$SocketProcessor.doRun(NioEndpoint.java:1791)
		at org.apache.tomcat.util.net.SocketProcessorBase.run(SocketProcessorBase.java:52)
		at org.apache.tomcat.util.threads.ThreadPoolExecutor.runWorker(ThreadPoolExecutor.java:1190)
		at org.apache.tomcat.util.threads.ThreadPoolExecutor$Worker.run(ThreadPoolExecutor.java:659)
		at org.apache.tomcat.util.threads.TaskThread$WrappingRunnable.run(TaskThread.java:63)
		at java.base/java.lang.Thread.run(Thread.java:1575)
31-May-2026 11:20:46.380 SEVERE [http-nio-8082-exec-4] org.apache.catalina.core.ApplicationDispatcher.invoke Servlet.service() for servlet [jsp] threw exception
	org.apache.jasper.JasperException: Unable to compile class for JSP: 

An error occurred at line: [536] in the jsp file: [/individualDashboard.jsp]
counter cannot be resolved to a variable
533:         %>
534:         </table>
535: 
536:         <% if (counter == 1) { %>
537:             <style>
538:                 .task-table { display: none; }
539:                 .empty-state-card {


Stacktrace:
		at org.apache.jasper.compiler.DefaultErrorHandler.javacError(DefaultErrorHandler.java:72)
		at org.apache.jasper.compiler.ErrorDispatcher.javacError(ErrorDispatcher.java:192)
		at org.apache.jasper.compiler.JDTCompiler.generateClass(JDTCompiler.java:542)
		at org.apache.jasper.compiler.Compiler.compile(Compiler.java:371)
		at org.apache.jasper.compiler.Compiler.compile(Compiler.java:343)
		at org.apache.jasper.compiler.Compiler.compile(Compiler.java:329)
		at org.apache.jasper.JspCompilationContext.compile(JspCompilationContext.java:603)
		at org.apache.jasper.servlet.JspServletWrapper.service(JspServletWrapper.java:399)
		at org.apache.jasper.servlet.JspServlet.serviceJspFile(JspServlet.java:376)
		at org.apache.jasper.servlet.JspServlet.service(JspServlet.java:324)
		at javax.servlet.http.HttpServlet.service(HttpServlet.java:623)
		at org.apache.catalina.core.ApplicationFilterChain.internalDoFilter(ApplicationFilterChain.java:199)
		at org.apache.catalina.core.ApplicationFilterChain.doFilter(ApplicationFilterChain.java:144)
		at org.apache.catalina.core.ApplicationDispatcher.invoke(ApplicationDispatcher.java:642)
		at org.apache.catalina.core.ApplicationDispatcher.doInclude(ApplicationDispatcher.java:518)
		at org.apache.catalina.core.ApplicationDispatcher.include(ApplicationDispatcher.java:461)
		at org.apache.jasper.runtime.JspRuntimeLibrary.include(JspRuntimeLibrary.java:994)
		at org.apache.jsp.index_jsp._jspService(index_jsp.java:961)
		at org.apache.jasper.runtime.HttpJspBase.service(HttpJspBase.java:67)
		at javax.servlet.http.HttpServlet.service(HttpServlet.java:623)
		at org.apache.jasper.servlet.JspServletWrapper.service(JspServletWrapper.java:466)
		at org.apache.jasper.servlet.JspServlet.serviceJspFile(JspServlet.java:376)
		at org.apache.jasper.servlet.JspServlet.service(JspServlet.java:324)
		at javax.servlet.http.HttpServlet.service(HttpServlet.java:623)
		at org.apache.catalina.core.ApplicationFilterChain.internalDoFilter(ApplicationFilterChain.java:199)
		at org.apache.catalina.core.ApplicationFilterChain.doFilter(ApplicationFilterChain.java:144)
		at org.apache.tomcat.websocket.server.WsFilter.doFilter(WsFilter.java:51)
		at org.apache.catalina.core.ApplicationFilterChain.internalDoFilter(ApplicationFilterChain.java:168)
		at org.apache.catalina.core.ApplicationFilterChain.doFilter(ApplicationFilterChain.java:144)
		at org.apache.catalina.core.StandardWrapperValve.invoke(StandardWrapperValve.java:168)
		at org.apache.catalina.core.StandardContextValve.invoke(StandardContextValve.java:90)
		at org.apache.catalina.authenticator.AuthenticatorBase.invoke(AuthenticatorBase.java:482)
		at org.apache.catalina.core.StandardHostValve.invoke(StandardHostValve.java:130)
		at org.apache.catalina.valves.ErrorReportValve.invoke(ErrorReportValve.java:93)
		at org.apache.catalina.valves.AbstractAccessLogValve.invoke(AbstractAccessLogValve.java:660)
		at org.apache.catalina.core.StandardEngineValve.invoke(StandardEngineValve.java:74)
		at org.apache.catalina.connector.CoyoteAdapter.service(CoyoteAdapter.java:346)
		at org.apache.coyote.http11.Http11Processor.service(Http11Processor.java:396)
		at org.apache.coyote.AbstractProcessorLight.process(AbstractProcessorLight.java:63)
		at org.apache.coyote.AbstractProtocol$ConnectionHandler.process(AbstractProtocol.java:937)
		at org.apache.tomcat.util.net.NioEndpoint$SocketProcessor.doRun(NioEndpoint.java:1791)
		at org.apache.tomcat.util.net.SocketProcessorBase.run(SocketProcessorBase.java:52)
		at org.apache.tomcat.util.threads.ThreadPoolExecutor.runWorker(ThreadPoolExecutor.java:1190)
		at org.apache.tomcat.util.threads.ThreadPoolExecutor$Worker.run(ThreadPoolExecutor.java:659)
		at org.apache.tomcat.util.threads.TaskThread$WrappingRunnable.run(TaskThread.java:63)
		at java.base/java.lang.Thread.run(Thread.java:1575)
31-May-2026 11:20:46.380 SEVERE [http-nio-8082-exec-4] org.apache.catalina.core.StandardWrapperValve.invoke Servlet.service() for servlet [jsp] in context with path [] threw exception [Unable to compile class for JSP: 

An error occurred at line: [536] in the jsp file: [/individualDashboard.jsp]
counter cannot be resolved to a variable
533:         %>
534:         </table>
535: 
536:         <% if (counter == 1) { %>
537:             <style>
538:                 .task-table { display: none; }
539:                 .empty-state-card {


Stacktrace:] with root cause
	org.apache.jasper.JasperException: Unable to compile class for JSP: 

An error occurred at line: [536] in the jsp file: [/individualDashboard.jsp]
counter cannot be resolved to a variable
533:         %>
534:         </table>
535: 
536:         <% if (counter == 1) { %>
537:             <style>
538:                 .task-table { display: none; }
539:                 .empty-state-card {


Stacktrace:
		at org.apache.jasper.compiler.DefaultErrorHandler.javacError(DefaultErrorHandler.java:72)
		at org.apache.jasper.compiler.ErrorDispatcher.javacError(ErrorDispatcher.java:192)
		at org.apache.jasper.compiler.JDTCompiler.generateClass(JDTCompiler.java:542)
		at org.apache.jasper.compiler.Compiler.compile(Compiler.java:371)
		at org.apache.jasper.compiler.Compiler.compile(Compiler.java:343)
		at org.apache.jasper.compiler.Compiler.compile(Compiler.java:329)
		at org.apache.jasper.JspCompilationContext.compile(JspCompilationContext.java:603)
		at org.apache.jasper.servlet.JspServletWrapper.service(JspServletWrapper.java:399)
		at org.apache.jasper.servlet.JspServlet.serviceJspFile(JspServlet.java:376)
		at org.apache.jasper.servlet.JspServlet.service(JspServlet.java:324)
		at javax.servlet.http.HttpServlet.service(HttpServlet.java:623)
		at org.apache.catalina.core.ApplicationFilterChain.internalDoFilter(ApplicationFilterChain.java:199)
		at org.apache.catalina.core.ApplicationFilterChain.doFilter(ApplicationFilterChain.java:144)
		at org.apache.catalina.core.ApplicationDispatcher.invoke(ApplicationDispatcher.java:642)
		at org.apache.catalina.core.ApplicationDispatcher.doInclude(ApplicationDispatcher.java:518)
		at org.apache.catalina.core.ApplicationDispatcher.include(ApplicationDispatcher.java:461)
		at org.apache.jasper.runtime.JspRuntimeLibrary.include(JspRuntimeLibrary.java:994)
		at org.apache.jsp.index_jsp._jspService(index_jsp.java:961)
		at org.apache.jasper.runtime.HttpJspBase.service(HttpJspBase.java:67)
		at javax.servlet.http.HttpServlet.service(HttpServlet.java:623)
		at org.apache.jasper.servlet.JspServletWrapper.service(JspServletWrapper.java:466)
		at org.apache.jasper.servlet.JspServlet.serviceJspFile(JspServlet.java:376)
		at org.apache.jasper.servlet.JspServlet.service(JspServlet.java:324)
		at javax.servlet.http.HttpServlet.service(HttpServlet.java:623)
		at org.apache.catalina.core.ApplicationFilterChain.internalDoFilter(ApplicationFilterChain.java:199)
		at org.apache.catalina.core.ApplicationFilterChain.doFilter(ApplicationFilterChain.java:144)
		at org.apache.tomcat.websocket.server.WsFilter.doFilter(WsFilter.java:51)
		at org.apache.catalina.core.ApplicationFilterChain.internalDoFilter(ApplicationFilterChain.java:168)
		at org.apache.catalina.core.ApplicationFilterChain.doFilter(ApplicationFilterChain.java:144)
		at org.apache.catalina.core.StandardWrapperValve.invoke(StandardWrapperValve.java:168)
		at org.apache.catalina.core.StandardContextValve.invoke(StandardContextValve.java:90)
		at org.apache.catalina.authenticator.AuthenticatorBase.invoke(AuthenticatorBase.java:482)
		at org.apache.catalina.core.StandardHostValve.invoke(StandardHostValve.java:130)
		at org.apache.catalina.valves.ErrorReportValve.invoke(ErrorReportValve.java:93)
		at org.apache.catalina.valves.AbstractAccessLogValve.invoke(AbstractAccessLogValve.java:660)
		at org.apache.catalina.core.StandardEngineValve.invoke(StandardEngineValve.java:74)
		at org.apache.catalina.connector.CoyoteAdapter.service(CoyoteAdapter.java:346)
		at org.apache.coyote.http11.Http11Processor.service(Http11Processor.java:396)
		at org.apache.coyote.AbstractProcessorLight.process(AbstractProcessorLight.java:63)
		at org.apache.coyote.AbstractProtocol$ConnectionHandler.process(AbstractProtocol.java:937)
		at org.apache.tomcat.util.net.NioEndpoint$SocketProcessor.doRun(NioEndpoint.java:1791)
		at org.apache.tomcat.util.net.SocketProcessorBase.run(SocketProcessorBase.java:52)
		at org.apache.tomcat.util.threads.ThreadPoolExecutor.runWorker(ThreadPoolExecutor.java:1190)
		at org.apache.tomcat.util.threads.ThreadPoolExecutor$Worker.run(ThreadPoolExecutor.java:659)
		at org.apache.tomcat.util.threads.TaskThread$WrappingRunnable.run(TaskThread.java:63)
		at java.base/java.lang.Thread.run(Thread.java:1575)
31-May-2026 11:20:56.368 SEVERE [http-nio-8082-exec-10] org.apache.catalina.core.ApplicationDispatcher.invoke Servlet.service() for servlet [jsp] threw exception
	org.apache.jasper.JasperException: Unable to compile class for JSP: 

An error occurred at line: [536] in the jsp file: [/individualDashboard.jsp]
counter cannot be resolved to a variable
533:         %>
534:         </table>
535: 
536:         <% if (counter == 1) { %>
537:             <style>
538:                 .task-table { display: none; }
539:                 .empty-state-card {


Stacktrace:
		at org.apache.jasper.compiler.DefaultErrorHandler.javacError(DefaultErrorHandler.java:72)
		at org.apache.jasper.compiler.ErrorDispatcher.javacError(ErrorDispatcher.java:192)
		at org.apache.jasper.compiler.JDTCompiler.generateClass(JDTCompiler.java:542)
		at org.apache.jasper.compiler.Compiler.compile(Compiler.java:371)
		at org.apache.jasper.compiler.Compiler.compile(Compiler.java:343)
		at org.apache.jasper.compiler.Compiler.compile(Compiler.java:329)
		at org.apache.jasper.JspCompilationContext.compile(JspCompilationContext.java:603)
		at org.apache.jasper.servlet.JspServletWrapper.service(JspServletWrapper.java:399)
		at org.apache.jasper.servlet.JspServlet.serviceJspFile(JspServlet.java:376)
		at org.apache.jasper.servlet.JspServlet.service(JspServlet.java:324)
		at javax.servlet.http.HttpServlet.service(HttpServlet.java:623)
		at org.apache.catalina.core.ApplicationFilterChain.internalDoFilter(ApplicationFilterChain.java:199)
		at org.apache.catalina.core.ApplicationFilterChain.doFilter(ApplicationFilterChain.java:144)
		at org.apache.catalina.core.ApplicationDispatcher.invoke(ApplicationDispatcher.java:642)
		at org.apache.catalina.core.ApplicationDispatcher.doInclude(ApplicationDispatcher.java:518)
		at org.apache.catalina.core.ApplicationDispatcher.include(ApplicationDispatcher.java:461)
		at org.apache.jasper.runtime.JspRuntimeLibrary.include(JspRuntimeLibrary.java:994)
		at org.apache.jsp.index_jsp._jspService(index_jsp.java:961)
		at org.apache.jasper.runtime.HttpJspBase.service(HttpJspBase.java:67)
		at javax.servlet.http.HttpServlet.service(HttpServlet.java:623)
		at org.apache.jasper.servlet.JspServletWrapper.service(JspServletWrapper.java:466)
		at org.apache.jasper.servlet.JspServlet.serviceJspFile(JspServlet.java:376)
		at org.apache.jasper.servlet.JspServlet.service(JspServlet.java:324)
		at javax.servlet.http.HttpServlet.service(HttpServlet.java:623)
		at org.apache.catalina.core.ApplicationFilterChain.internalDoFilter(ApplicationFilterChain.java:199)
		at org.apache.catalina.core.ApplicationFilterChain.doFilter(ApplicationFilterChain.java:144)
		at org.apache.tomcat.websocket.server.WsFilter.doFilter(WsFilter.java:51)
		at org.apache.catalina.core.ApplicationFilterChain.internalDoFilter(ApplicationFilterChain.java:168)
		at org.apache.catalina.core.ApplicationFilterChain.doFilter(ApplicationFilterChain.java:144)
		at org.apache.catalina.core.StandardWrapperValve.invoke(StandardWrapperValve.java:168)
		at org.apache.catalina.core.StandardContextValve.invoke(StandardContextValve.java:90)
		at org.apache.catalina.authenticator.AuthenticatorBase.invoke(AuthenticatorBase.java:482)
		at org.apache.catalina.core.StandardHostValve.invoke(StandardHostValve.java:130)
		at org.apache.catalina.valves.ErrorReportValve.invoke(ErrorReportValve.java:93)
		at org.apache.catalina.valves.AbstractAccessLogValve.invoke(AbstractAccessLogValve.java:660)
		at org.apache.catalina.core.StandardEngineValve.invoke(StandardEngineValve.java:74)
		at org.apache.catalina.connector.CoyoteAdapter.service(CoyoteAdapter.java:346)
		at org.apache.coyote.http11.Http11Processor.service(Http11Processor.java:396)
		at org.apache.coyote.AbstractProcessorLight.process(AbstractProcessorLight.java:63)
		at org.apache.coyote.AbstractProtocol$ConnectionHandler.process(AbstractProtocol.java:937)
		at org.apache.tomcat.util.net.NioEndpoint$SocketProcessor.doRun(NioEndpoint.java:1791)
		at org.apache.tomcat.util.net.SocketProcessorBase.run(SocketProcessorBase.java:52)
		at org.apache.tomcat.util.threads.ThreadPoolExecutor.runWorker(ThreadPoolExecutor.java:1190)
		at org.apache.tomcat.util.threads.ThreadPoolExecutor$Worker.run(ThreadPoolExecutor.java:659)
		at org.apache.tomcat.util.threads.TaskThread$WrappingRunnable.run(TaskThread.java:63)
		at java.base/java.lang.Thread.run(Thread.java:1575)
31-May-2026 11:20:56.369 SEVERE [http-nio-8082-exec-10] org.apache.catalina.core.StandardWrapperValve.invoke Servlet.service() for servlet [jsp] in context with path [] threw exception [Unable to compile class for JSP: 

An error occurred at line: [536] in the jsp file: [/individualDashboard.jsp]
counter cannot be resolved to a variable
533:         %>
534:         </table>
535: 
536:         <% if (counter == 1) { %>
537:             <style>
538:                 .task-table { display: none; }
539:                 .empty-state-card {


Stacktrace:] with root cause
	org.apache.jasper.JasperException: Unable to compile class for JSP: 

An error occurred at line: [536] in the jsp file: [/individualDashboard.jsp]
counter cannot be resolved to a variable
533:         %>
534:         </table>
535: 
536:         <% if (counter == 1) { %>
537:             <style>
538:                 .task-table { display: none; }
539:                 .empty-state-card {


Stacktrace:
		at org.apache.jasper.compiler.DefaultErrorHandler.javacError(DefaultErrorHandler.java:72)
		at org.apache.jasper.compiler.ErrorDispatcher.javacError(ErrorDispatcher.java:192)
		at org.apache.jasper.compiler.JDTCompiler.generateClass(JDTCompiler.java:542)
		at org.apache.jasper.compiler.Compiler.compile(Compiler.java:371)
		at org.apache.jasper.compiler.Compiler.compile(Compiler.java:343)
		at org.apache.jasper.compiler.Compiler.compile(Compiler.java:329)
		at org.apache.jasper.JspCompilationContext.compile(JspCompilationContext.java:603)
		at org.apache.jasper.servlet.JspServletWrapper.service(JspServletWrapper.java:399)
		at org.apache.jasper.servlet.JspServlet.serviceJspFile(JspServlet.java:376)
		at org.apache.jasper.servlet.JspServlet.service(JspServlet.java:324)
		at javax.servlet.http.HttpServlet.service(HttpServlet.java:623)
		at org.apache.catalina.core.ApplicationFilterChain.internalDoFilter(ApplicationFilterChain.java:199)
		at org.apache.catalina.core.ApplicationFilterChain.doFilter(ApplicationFilterChain.java:144)
		at org.apache.catalina.core.ApplicationDispatcher.invoke(ApplicationDispatcher.java:642)
		at org.apache.catalina.core.ApplicationDispatcher.doInclude(ApplicationDispatcher.java:518)
		at org.apache.catalina.core.ApplicationDispatcher.include(ApplicationDispatcher.java:461)
		at org.apache.jasper.runtime.JspRuntimeLibrary.include(JspRuntimeLibrary.java:994)
		at org.apache.jsp.index_jsp._jspService(index_jsp.java:961)
		at org.apache.jasper.runtime.HttpJspBase.service(HttpJspBase.java:67)
		at javax.servlet.http.HttpServlet.service(HttpServlet.java:623)
		at org.apache.jasper.servlet.JspServletWrapper.service(JspServletWrapper.java:466)
		at org.apache.jasper.servlet.JspServlet.serviceJspFile(JspServlet.java:376)
		at org.apache.jasper.servlet.JspServlet.service(JspServlet.java:324)
		at javax.servlet.http.HttpServlet.service(HttpServlet.java:623)
		at org.apache.catalina.core.ApplicationFilterChain.internalDoFilter(ApplicationFilterChain.java:199)
		at org.apache.catalina.core.ApplicationFilterChain.doFilter(ApplicationFilterChain.java:144)
		at org.apache.tomcat.websocket.server.WsFilter.doFilter(WsFilter.java:51)
		at org.apache.catalina.core.ApplicationFilterChain.internalDoFilter(ApplicationFilterChain.java:168)
		at org.apache.catalina.core.ApplicationFilterChain.doFilter(ApplicationFilterChain.java:144)
		at org.apache.catalina.core.StandardWrapperValve.invoke(StandardWrapperValve.java:168)
		at org.apache.catalina.core.StandardContextValve.invoke(StandardContextValve.java:90)
		at org.apache.catalina.authenticator.AuthenticatorBase.invoke(AuthenticatorBase.java:482)
		at org.apache.catalina.core.StandardHostValve.invoke(StandardHostValve.java:130)
		at org.apache.catalina.valves.ErrorReportValve.invoke(ErrorReportValve.java:93)
		at org.apache.catalina.valves.AbstractAccessLogValve.invoke(AbstractAccessLogValve.java:660)
		at org.apache.catalina.core.StandardEngineValve.invoke(StandardEngineValve.java:74)
		at org.apache.catalina.connector.CoyoteAdapter.service(CoyoteAdapter.java:346)
		at org.apache.coyote.http11.Http11Processor.service(Http11Processor.java:396)
		at org.apache.coyote.AbstractProcessorLight.process(AbstractProcessorLight.java:63)
		at org.apache.coyote.AbstractProtocol$ConnectionHandler.process(AbstractProtocol.java:937)
		at org.apache.tomcat.util.net.NioEndpoint$SocketProcessor.doRun(NioEndpoint.java:1791)
		at org.apache.tomcat.util.net.SocketProcessorBase.run(SocketProcessorBase.java:52)
		at org.apache.tomcat.util.threads.ThreadPoolExecutor.runWorker(ThreadPoolExecutor.java:1190)
		at org.apache.tomcat.util.threads.ThreadPoolExecutor$Worker.run(ThreadPoolExecutor.java:659)
		at org.apache.tomcat.util.threads.TaskThread$WrappingRunnable.run(TaskThread.java:63)
		at java.base/java.lang.Thread.run(Thread.java:1575)
31-May-2026 11:21:01.341 SEVERE [http-nio-8082-exec-4] org.apache.catalina.core.ApplicationDispatcher.invoke Servlet.service() for servlet [jsp] threw exception
	org.apache.jasper.JasperException: Unable to compile class for JSP: 

An error occurred at line: [536] in the jsp file: [/individualDashboard.jsp]
counter cannot be resolved to a variable
533:         %>
534:         </table>
535: 
536:         <% if (counter == 1) { %>
537:             <style>
538:                 .task-table { display: none; }
539:                 .empty-state-card {


Stacktrace:
		at org.apache.jasper.compiler.DefaultErrorHandler.javacError(DefaultErrorHandler.java:72)
		at org.apache.jasper.compiler.ErrorDispatcher.javacError(ErrorDispatcher.java:192)
		at org.apache.jasper.compiler.JDTCompiler.generateClass(JDTCompiler.java:542)
		at org.apache.jasper.compiler.Compiler.compile(Compiler.java:371)
		at org.apache.jasper.compiler.Compiler.compile(Compiler.java:343)
		at org.apache.jasper.compiler.Compiler.compile(Compiler.java:329)
		at org.apache.jasper.JspCompilationContext.compile(JspCompilationContext.java:603)
		at org.apache.jasper.servlet.JspServletWrapper.service(JspServletWrapper.java:399)
		at org.apache.jasper.servlet.JspServlet.serviceJspFile(JspServlet.java:376)
		at org.apache.jasper.servlet.JspServlet.service(JspServlet.java:324)
		at javax.servlet.http.HttpServlet.service(HttpServlet.java:623)
		at org.apache.catalina.core.ApplicationFilterChain.internalDoFilter(ApplicationFilterChain.java:199)
		at org.apache.catalina.core.ApplicationFilterChain.doFilter(ApplicationFilterChain.java:144)
		at org.apache.catalina.core.ApplicationDispatcher.invoke(ApplicationDispatcher.java:642)
		at org.apache.catalina.core.ApplicationDispatcher.doInclude(ApplicationDispatcher.java:518)
		at org.apache.catalina.core.ApplicationDispatcher.include(ApplicationDispatcher.java:461)
		at org.apache.jasper.runtime.JspRuntimeLibrary.include(JspRuntimeLibrary.java:994)
		at org.apache.jsp.index_jsp._jspService(index_jsp.java:961)
		at org.apache.jasper.runtime.HttpJspBase.service(HttpJspBase.java:67)
		at javax.servlet.http.HttpServlet.service(HttpServlet.java:623)
		at org.apache.jasper.servlet.JspServletWrapper.service(JspServletWrapper.java:466)
		at org.apache.jasper.servlet.JspServlet.serviceJspFile(JspServlet.java:376)
		at org.apache.jasper.servlet.JspServlet.service(JspServlet.java:324)
		at javax.servlet.http.HttpServlet.service(HttpServlet.java:623)
		at org.apache.catalina.core.ApplicationFilterChain.internalDoFilter(ApplicationFilterChain.java:199)
		at org.apache.catalina.core.ApplicationFilterChain.doFilter(ApplicationFilterChain.java:144)
		at org.apache.tomcat.websocket.server.WsFilter.doFilter(WsFilter.java:51)
		at org.apache.catalina.core.ApplicationFilterChain.internalDoFilter(ApplicationFilterChain.java:168)
		at org.apache.catalina.core.ApplicationFilterChain.doFilter(ApplicationFilterChain.java:144)
		at org.apache.catalina.core.StandardWrapperValve.invoke(StandardWrapperValve.java:168)
		at org.apache.catalina.core.StandardContextValve.invoke(StandardContextValve.java:90)
		at org.apache.catalina.authenticator.AuthenticatorBase.invoke(AuthenticatorBase.java:482)
		at org.apache.catalina.core.StandardHostValve.invoke(StandardHostValve.java:130)
		at org.apache.catalina.valves.ErrorReportValve.invoke(ErrorReportValve.java:93)
		at org.apache.catalina.valves.AbstractAccessLogValve.invoke(AbstractAccessLogValve.java:660)
		at org.apache.catalina.core.StandardEngineValve.invoke(StandardEngineValve.java:74)
		at org.apache.catalina.connector.CoyoteAdapter.service(CoyoteAdapter.java:346)
		at org.apache.coyote.http11.Http11Processor.service(Http11Processor.java:396)
		at org.apache.coyote.AbstractProcessorLight.process(AbstractProcessorLight.java:63)
		at org.apache.coyote.AbstractProtocol$ConnectionHandler.process(AbstractProtocol.java:937)
		at org.apache.tomcat.util.net.NioEndpoint$SocketProcessor.doRun(NioEndpoint.java:1791)
		at org.apache.tomcat.util.net.SocketProcessorBase.run(SocketProcessorBase.java:52)
		at org.apache.tomcat.util.threads.ThreadPoolExecutor.runWorker(ThreadPoolExecutor.java:1190)
		at org.apache.tomcat.util.threads.ThreadPoolExecutor$Worker.run(ThreadPoolExecutor.java:659)
		at org.apache.tomcat.util.threads.TaskThread$WrappingRunnable.run(TaskThread.java:63)
		at java.base/java.lang.Thread.run(Thread.java:1575)
31-May-2026 11:21:01.342 SEVERE [http-nio-8082-exec-4] org.apache.catalina.core.StandardWrapperValve.invoke Servlet.service() for servlet [jsp] in context with path [] threw exception [Unable to compile class for JSP: 

An error occurred at line: [536] in the jsp file: [/individualDashboard.jsp]
counter cannot be resolved to a variable
533:         %>
534:         </table>
535: 
536:         <% if (counter == 1) { %>
537:             <style>
538:                 .task-table { display: none; }
539:                 .empty-state-card {


Stacktrace:] with root cause
	org.apache.jasper.JasperException: Unable to compile class for JSP: 

An error occurred at line: [536] in the jsp file: [/individualDashboard.jsp]
counter cannot be resolved to a variable
533:         %>
534:         </table>
535: 
536:         <% if (counter == 1) { %>
537:             <style>
538:                 .task-table { display: none; }
539:                 .empty-state-card {


Stacktrace:
		at org.apache.jasper.compiler.DefaultErrorHandler.javacError(DefaultErrorHandler.java:72)
		at org.apache.jasper.compiler.ErrorDispatcher.javacError(ErrorDispatcher.java:192)
		at org.apache.jasper.compiler.JDTCompiler.generateClass(JDTCompiler.java:542)
		at org.apache.jasper.compiler.Compiler.compile(Compiler.java:371)
		at org.apache.jasper.compiler.Compiler.compile(Compiler.java:343)
		at org.apache.jasper.compiler.Compiler.compile(Compiler.java:329)
		at org.apache.jasper.JspCompilationContext.compile(JspCompilationContext.java:603)
		at org.apache.jasper.servlet.JspServletWrapper.service(JspServletWrapper.java:399)
		at org.apache.jasper.servlet.JspServlet.serviceJspFile(JspServlet.java:376)
		at org.apache.jasper.servlet.JspServlet.service(JspServlet.java:324)
		at javax.servlet.http.HttpServlet.service(HttpServlet.java:623)
		at org.apache.catalina.core.ApplicationFilterChain.internalDoFilter(ApplicationFilterChain.java:199)
		at org.apache.catalina.core.ApplicationFilterChain.doFilter(ApplicationFilterChain.java:144)
		at org.apache.catalina.core.ApplicationDispatcher.invoke(ApplicationDispatcher.java:642)
		at org.apache.catalina.core.ApplicationDispatcher.doInclude(ApplicationDispatcher.java:518)
		at org.apache.catalina.core.ApplicationDispatcher.include(ApplicationDispatcher.java:461)
		at org.apache.jasper.runtime.JspRuntimeLibrary.include(JspRuntimeLibrary.java:994)
		at org.apache.jsp.index_jsp._jspService(index_jsp.java:961)
		at org.apache.jasper.runtime.HttpJspBase.service(HttpJspBase.java:67)
		at javax.servlet.http.HttpServlet.service(HttpServlet.java:623)
		at org.apache.jasper.servlet.JspServletWrapper.service(JspServletWrapper.java:466)
		at org.apache.jasper.servlet.JspServlet.serviceJspFile(JspServlet.java:376)
		at org.apache.jasper.servlet.JspServlet.service(JspServlet.java:324)
		at javax.servlet.http.HttpServlet.service(HttpServlet.java:623)
		at org.apache.catalina.core.ApplicationFilterChain.internalDoFilter(ApplicationFilterChain.java:199)
		at org.apache.catalina.core.ApplicationFilterChain.doFilter(ApplicationFilterChain.java:144)
		at org.apache.tomcat.websocket.server.WsFilter.doFilter(WsFilter.java:51)
		at org.apache.catalina.core.ApplicationFilterChain.internalDoFilter(ApplicationFilterChain.java:168)
		at org.apache.catalina.core.ApplicationFilterChain.doFilter(ApplicationFilterChain.java:144)
		at org.apache.catalina.core.StandardWrapperValve.invoke(StandardWrapperValve.java:168)
		at org.apache.catalina.core.StandardContextValve.invoke(StandardContextValve.java:90)
		at org.apache.catalina.authenticator.AuthenticatorBase.invoke(AuthenticatorBase.java:482)
		at org.apache.catalina.core.StandardHostValve.invoke(StandardHostValve.java:130)
		at org.apache.catalina.valves.ErrorReportValve.invoke(ErrorReportValve.java:93)
		at org.apache.catalina.valves.AbstractAccessLogValve.invoke(AbstractAccessLogValve.java:660)
		at org.apache.catalina.core.StandardEngineValve.invoke(StandardEngineValve.java:74)
		at org.apache.catalina.connector.CoyoteAdapter.service(CoyoteAdapter.java:346)
		at org.apache.coyote.http11.Http11Processor.service(Http11Processor.java:396)
		at org.apache.coyote.AbstractProcessorLight.process(AbstractProcessorLight.java:63)
		at org.apache.coyote.AbstractProtocol$ConnectionHandler.process(AbstractProtocol.java:937)
		at org.apache.tomcat.util.net.NioEndpoint$SocketProcessor.doRun(NioEndpoint.java:1791)
		at org.apache.tomcat.util.net.SocketProcessorBase.run(SocketProcessorBase.java:52)
		at org.apache.tomcat.util.threads.ThreadPoolExecutor.runWorker(ThreadPoolExecutor.java:1190)
		at org.apache.tomcat.util.threads.ThreadPoolExecutor$Worker.run(ThreadPoolExecutor.java:659)
		at org.apache.tomcat.util.threads.TaskThread$WrappingRunnable.run(TaskThread.java:63)
		at java.base/java.lang.Thread.run(Thread.java:1575)
